index,rscore
0,149223.13077149165
1,132256.57333388412
2,132256.57333388412
3,132256.57333388412
4,132256.57333388412
5,133722.7156519544
6,133722.7156519544
7,132256.57333388412
8,132256.57333388412
9,132256.57333388412
10,141480.45472818665
11,141480.45472818665
12,141480.45472818665
13,132256.57333388412
14,132256.57333388412
15,132256.57333388412
16,132256.57333388412
17,133722.7156519544
18,133722.7156519544
19,133722.7156519544
20,133722.7156519544
21,133722.7156519544
22,141480.45472818665
23,141480.45472818665
24,151157.98867868428
25,149156.90300458614
26,132256.57333388412
27,133722.7156519544
28,141480.45472818665
29,141480.45472818665
30,132256.57333388412
31,149156.90300458614
32,132256.57333388412
33,149188.7188026884
34,133722.7156519544
35,157777.99986120258
36,141480.45472818665
37,141480.45472818665
38,167076.87455164775
39,156717.17611423263
40,149156.90300458614
41,149156.90300458614
42,147654.37288853835
43,155366.69370313117
44,149223.13077149165
45,149223.13077149165
46,149223.13077149165
47,133722.7156519544
48,141480.45472818665
49,152014.09276866977
50,150539.51449745474
51,150539.51449745474
52,151157.98867868428
53,156717.17611423263
54,161852.61193969497
55,161852.61193969497
56,133722.7156519544
57,141480.45472818665
58,149030.63655123892
59,132256.57333388412
60,132256.57333388412
61,141480.45472818665
62,152014.09276866977
63,150539.51449745474
64,157651.15486605803
65,141480.45472818665
66,149156.90300458614
67,149156.90300458614
68,149156.90300458614
69,149156.90300458614
70,133777.45656899738
71,150676.93680220493
72,150676.93680220493
73,149188.7188026884
74,150539.51449745474
75,167076.87455164775
76,147654.37288853835
77,172308.38993890779
78,161852.61193969497
79,133777.45656899738
80,172308.38993890779
81,141480.45472818665
82,141480.45472818665
83,141480.45472818665
84,141480.45472818665
85,141480.45472818665
86,141480.45472818665
87,132256.57333388412
88,144797.62440402305
89,147239.33615948862
90,149223.13077149165
91,149223.13077149165
92,141480.45472818665
93,141480.45472818665
94,149223.13077149165
95,141480.45472818665
96,132256.57333388412
97,132256.57333388412
98,149223.13077149165
99,149223.13077149165
100,133777.45656899738
101,147654.37288853835
102,147654.37288853835
103,133722.7156519544
104,133722.7156519544
105,141480.45472818665
106,141480.45472818665
107,141480.45472818665
108,147654.37288853835
109,149223.13077149165
110,150700.02914409025
111,149156.90300458614
112,149156.90300458614
113,162707.9274485445
114,136481.36410156736
115,149156.90300458614
116,149156.90300458614
117,149223.13077149165
118,149188.7188026884
119,150539.51449745474
120,160597.76475508246
121,161852.61193969497
122,149223.13077149165
123,149223.13077149165
124,150539.51449745474
125,168626.91923303905
126,161852.61193969497
127,143712.29922762644
128,160597.76475508246
129,152267.0949707016
130,157651.15486605803
131,149156.90300458614
132,149156.90300458614
133,149188.7188026884
134,149188.7188026884
135,147654.37288853835
136,161852.61193969497
137,133722.7156519544
138,157777.99986120258
139,157777.99986120258
140,141480.45472818665
141,168626.91923303905
142,160597.76475508246
143,149156.90300458614
144,160597.76475508246
145,150676.93680220493
146,132256.57333388412
147,132256.57333388412
148,132256.57333388412
149,132256.57333388412
150,149223.13077149165
151,161852.61193969497
152,132256.57333388412
153,149223.13077149165
154,149223.13077149165
155,133722.7156519544
156,133722.7156519544
157,133722.7156519544
158,141480.45472818665
159,149156.90300458614
160,149156.90300458614
161,147239.33615948862
162,172308.38993890779
163,133722.7156519544
164,141480.45472818665
165,141480.45472818665
166,156717.17611423263
167,149156.90300458614
168,149156.90300458614
169,149156.90300458614
170,142287.72808433603
171,151157.98867868428
172,147654.37288853835
173,149156.90300458614
174,161852.61193969497
175,147654.37288853835
176,149156.90300458614
177,162646.08739723748
178,133722.7156519544
179,133722.7156519544
180,132256.57333388412
181,132256.57333388412
182,158890.77672360762
183,141480.45472818665
184,133777.45656899738
185,147654.37288853835
186,149156.90300458614
187,147654.37288853835
188,151157.98867868428
189,150676.93680220493
190,151157.98867868428
191,149223.13077149165
192,149223.13077149165
193,136033.63415693876
194,136033.63415693876
195,136033.63415693876
196,149156.90300458614
197,147239.33615948862
198,151157.98867868428
199,141480.45472818665
200,149223.13077149165
201,133623.65316156237
202,132256.57333388412
203,132256.57333388412
204,149223.13077149165
205,149223.13077149165
206,150700.02914409025
207,133722.7156519544
208,133722.7156519544
209,145912.8619341449
210,149156.90300458614
211,147239.33615948862
212,132256.57333388412
213,132256.57333388412
214,161852.61193969497
215,132256.57333388412
216,141480.45472818665
217,151157.98867868428
218,156717.17611423263
219,132256.57333388412
220,132256.57333388412
221,133722.7156519544
222,133722.7156519544
223,133722.7156519544
224,133722.7156519544
225,133722.7156519544
226,133722.7156519544
227,133722.7156519544
228,133722.7156519544
229,102428.9842118574
230,132256.57333388412
231,132256.57333388412
232,133722.7156519544
233,133722.7156519544
234,133722.7156519544
235,141480.45472818665
236,141480.45472818665
237,149156.90300458614
238,161852.61193969497
239,132256.57333388412
240,132256.57333388412
241,133722.7156519544
242,166006.14975404937
243,160597.76475508246
244,157651.15486605803
245,156717.17611423263
246,147239.33615948862
247,213744.0854543448
248,132256.57333388412
249,132256.57333388412
250,132256.57333388412
251,132256.57333388412
252,153563.00078348615
253,133722.7156519544
254,152014.09276866977
255,152014.09276866977
256,160597.76475508246
257,160597.76475508246
258,160597.76475508246
259,150676.93680220493
260,137667.36778896343
261,149156.90300458614
262,133963.16211650346
263,152267.0949707016
264,153563.00078348615
265,133722.7156519544
266,141480.45472818665
267,160597.76475508246
268,161852.61193969497
269,132256.57333388412
270,198726.773343754
271,149156.90300458614
272,149156.90300458614
273,149156.90300458614
274,149156.90300458614
275,149156.90300458614
276,149223.13077149165
277,133722.7156519544
278,133722.7156519544
279,133722.7156519544
280,133722.7156519544
281,133777.45656899738
282,141480.45472818665
283,152014.09276866977
284,156717.17611423263
285,142634.43283713132
286,147654.37288853835
287,132256.57333388412
288,149223.13077149165
289,133777.45656899738
290,172308.38993890779
291,161852.61193969497
292,132256.57333388412
293,133722.7156519544
294,142634.43283713132
295,149156.90300458614
296,149156.90300458614
297,161852.61193969497
298,161852.61193969497
299,150539.51449745474
300,150676.93680220493
301,150539.51449745474
302,157651.15486605803
303,149188.7188026884
304,147308.9604799193
305,149188.7188026884
306,167076.87455164775
307,141480.45472818665
308,141480.45472818665
309,141480.45472818665
310,172551.7086445058
311,149223.13077149165
312,149156.90300458614
313,141480.45472818665
314,133722.7156519544
315,133722.7156519544
316,152014.09276866977
317,149156.90300458614
318,132256.57333388412
319,132256.57333388412
320,132256.57333388412
321,132256.57333388412
322,132256.57333388412
323,152014.09276866977
324,149156.90300458614
325,149156.90300458614
326,172551.7086445058
327,141480.45472818665
328,141480.45472818665
329,133722.7156519544
330,141480.45472818665
331,141480.45472818665
332,141480.45472818665
333,147239.33615948862
334,147239.33615948862
335,133623.65316156237
336,141480.45472818665
337,149223.13077149165
338,133722.7156519544
339,141480.45472818665
340,151157.98867868428
341,151157.98867868428
342,149156.90300458614
343,149223.13077149165
344,141480.45472818665
345,141480.45472818665
346,141480.45472818665
347,141480.45472818665
348,162646.08739723748
349,149156.90300458614
350,136481.36410156736
351,136481.36410156736
352,147654.37288853835
353,133722.7156519544
354,149188.7188026884
355,155366.69370313117
356,139766.93693945385
357,154757.39899617256
358,160597.76475508246
359,160597.76475508246
360,160597.76475508246
361,157651.15486605803
362,149030.63655123892
363,163765.1781805566
364,161852.61193969497
365,133722.7156519544
366,133722.7156519544
367,160597.76475508246
368,157651.15486605803
369,153520.12527072916
370,172308.38993890779
371,149188.7188026884
372,167076.87455164775
373,150676.93680220493
374,161852.61193969497
375,150539.51449745474
376,163765.1781805566
377,149188.7188026884
378,147185.75632348843
379,147185.75632348843
380,151157.98867868428
381,151157.98867868428
382,151157.98867868428
383,161852.61193969497
384,132256.57333388412
385,132256.57333388412
386,157777.99986120258
387,141480.45472818665
388,141480.45472818665
389,150676.93680220493
390,147654.37288853835
391,167076.87455164775
392,150676.93680220493
393,149156.90300458614
394,172308.38993890779
395,132256.57333388412
396,132256.57333388412
397,132256.57333388412
398,149188.7188026884
399,133722.7156519544
400,133722.7156519544
401,149156.90300458614
402,149156.90300458614
403,149156.90300458614
404,149223.13077149165
405,132256.57333388412
406,149188.7188026884
407,149188.7188026884
408,149223.13077149165
409,133722.7156519544
410,133722.7156519544
411,141480.45472818665
412,168626.91923303905
413,168626.91923303905
414,149156.90300458614
415,132256.57333388412
416,133722.7156519544
417,141480.45472818665
418,147654.37288853835
419,149223.13077149165
420,150676.93680220493
421,150539.51449745474
422,150539.51449745474
423,160597.76475508246
424,149188.7188026884
425,150539.51449745474
426,161852.61193969497
427,149223.13077149165
428,136481.36410156736
429,149156.90300458614
430,133722.7156519544
431,149223.13077149165
432,141480.45472818665
433,149223.13077149165
434,165070.50554566892
435,162646.08739723748
436,149223.13077149165
437,141480.45472818665
438,149223.13077149165
439,141480.45472818665
440,149156.90300458614
441,149156.90300458614
442,133722.7156519544
443,132256.57333388412
444,132256.57333388412
445,149188.7188026884
446,133722.7156519544
447,133722.7156519544
448,133722.7156519544
449,133722.7156519544
450,133722.7156519544
451,149156.90300458614
452,147654.37288853835
453,135487.5709307283
454,141480.45472818665
455,151157.98867868428
456,132256.57333388412
457,132256.57333388412
458,132256.57333388412
459,149188.7188026884
460,133722.7156519544
461,141480.45472818665
462,142287.72808433603
463,132256.57333388412
464,132256.57333388412
465,132256.57333388412
466,132256.57333388412
467,132256.57333388412
468,141480.45472818665
469,141480.45472818665
470,141480.45472818665
471,152014.09276866977
472,149156.90300458614
473,145798.02670888754
474,142287.72808433603
475,132256.57333388412
476,132256.57333388412
477,132256.57333388412
478,149223.13077149165
479,133722.7156519544
480,149156.90300458614
481,149156.90300458614
482,132256.57333388412
483,133722.7156519544
484,149156.90300458614
485,149156.90300458614
486,147239.33615948862
487,132256.57333388412
488,132256.57333388412
489,132256.57333388412
490,149188.7188026884
491,149223.13077149165
492,133722.7156519544
493,133722.7156519544
494,133722.7156519544
495,133777.45656899738
496,149030.63655123892
497,147654.37288853835
498,152267.0949707016
499,128732.61358901193
500,133722.7156519544
501,133722.7156519544
502,133722.7156519544
503,133722.7156519544
504,167076.87455164775
505,147239.33615948862
506,161852.61193969497
507,132256.57333388412
508,149188.7188026884
509,149223.13077149165
510,149223.13077149165
511,141480.45472818665
512,141480.45472818665
513,147308.9604799193
514,147239.33615948862
515,132256.57333388412
516,149188.7188026884
517,133722.7156519544
518,133722.7156519544
519,133722.7156519544
520,152267.0949707016
521,149188.7188026884
522,149223.13077149165
523,133722.7156519544
524,133722.7156519544
525,167508.02768150892
526,142287.72808433603
527,140610.50113892666
528,151157.98867868428
529,153563.00078348615
530,149188.7188026884
531,149030.63655123892
532,154757.39899617256
533,167076.87455164775
534,152267.0949707016
535,152267.0949707016
536,141480.45472818665
537,141480.45472818665
538,141480.45472818665
539,156717.17611423263
540,141480.45472818665
541,149156.90300458614
542,149156.90300458614
543,151157.98867868428
544,151157.98867868428
545,151157.98867868428
546,151157.98867868428
547,156717.17611423263
548,141480.45472818665
549,141480.45472818665
550,149156.90300458614
551,141480.45472818665
552,133623.65316156237
553,133722.7156519544
554,141480.45472818665
555,141480.45472818665
556,141480.45472818665
557,156717.17611423263
558,162646.08739723748
559,141480.45472818665
560,141480.45472818665
561,149156.90300458614
562,149156.90300458614
563,149156.90300458614
564,149156.90300458614
565,132256.57333388412
566,132256.57333388412
567,132256.57333388412
568,152014.09276866977
569,149156.90300458614
570,149156.90300458614
571,149156.90300458614
572,132256.57333388412
573,133722.7156519544
574,147239.33615948862
575,141480.45472818665
576,147239.33615948862
577,149223.13077149165
578,141480.45472818665
579,147239.33615948862
580,132256.57333388412
581,132256.57333388412
582,149223.13077149165
583,133722.7156519544
584,141480.45472818665
585,149156.90300458614
586,149156.90300458614
587,141480.45472818665
588,141480.45472818665
589,162646.08739723748
590,141480.45472818665
591,162707.9274485445
592,141480.45472818665
593,149156.90300458614
594,149156.90300458614
595,149156.90300458614
596,149223.13077149165
597,149223.13077149165
598,150700.02914409025
599,142287.72808433603
600,149156.90300458614
601,149223.13077149165
602,149223.13077149165
603,150700.02914409025
604,150700.02914409025
605,151157.98867868428
606,162646.08739723748
607,141480.45472818665
608,147654.37288853835
609,161852.61193969497
610,167076.87455164775
611,168626.91923303905
612,150539.51449745474
613,147308.9604799193
614,161852.61193969497
615,149188.7188026884
616,150539.51449745474
617,149188.7188026884
618,150539.51449745474
619,163765.1781805566
620,149156.90300458614
621,161852.61193969497
622,161852.61193969497
623,149223.13077149165
624,147308.9604799193
625,151157.98867868428
626,132256.57333388412
627,149223.13077149165
628,149223.13077149165
629,133722.7156519544
630,133722.7156519544
631,133722.7156519544
632,133722.7156519544
633,136481.36410156736
634,136481.36410156736
635,141480.45472818665
636,141480.45472818665
637,149156.90300458614
638,161852.61193969497
639,132256.57333388412
640,149188.7188026884
641,149188.7188026884
642,133722.7156519544
643,133777.45656899738
644,133777.45656899738
645,141480.45472818665
646,141480.45472818665
647,168626.91923303905
648,157651.15486605803
649,172551.7086445058
650,132256.57333388412
651,132256.57333388412
652,133722.7156519544
653,141480.45472818665
654,141480.45472818665
655,141480.45472818665
656,141480.45472818665
657,141480.45472818665
658,141480.45472818665
659,141480.45472818665
660,149156.90300458614
661,149156.90300458614
662,161852.61193969497
663,132256.57333388412
664,132256.57333388412
665,132256.57333388412
666,132256.57333388412
667,132256.57333388412
668,132256.57333388412
669,132256.57333388412
670,132256.57333388412
671,149188.7188026884
672,141480.45472818665
673,132256.57333388412
674,149223.13077149165
675,133722.7156519544
676,133722.7156519544
677,149156.90300458614
678,149156.90300458614
679,133963.16211650346
680,172308.38993890779
681,141480.45472818665
682,141480.45472818665
683,147654.37288853835
684,149223.13077149165
685,147654.37288853835
686,149223.13077149165
687,132256.57333388412
688,133722.7156519544
689,147654.37288853835
690,141480.45472818665
691,141480.45472818665
692,141480.45472818665
693,150539.51449745474
694,149156.90300458614
695,166006.14975404937
696,161852.61193969497
697,141480.45472818665
698,141480.45472818665
699,141480.45472818665
700,141480.45472818665
701,149223.13077149165
702,141480.45472818665
703,141480.45472818665
704,141480.45472818665
705,132256.57333388412
706,132256.57333388412
707,141480.45472818665
708,147239.33615948862
709,141480.45472818665
710,149223.13077149165
711,149156.90300458614
712,141480.45472818665
713,149223.13077149165
714,149223.13077149165
715,141480.45472818665
716,141480.45472818665
717,142287.72808433603
718,149156.90300458614
719,149188.7188026884
720,149156.90300458614
721,132256.57333388412
722,132256.57333388412
723,133722.7156519544
724,133722.7156519544
725,133722.7156519544
726,133722.7156519544
727,133722.7156519544
728,133722.7156519544
729,141480.45472818665
730,132256.57333388412
731,147239.33615948862
732,132256.57333388412
733,132256.57333388412
734,132256.57333388412
735,150700.02914409025
736,133722.7156519544
737,133722.7156519544
738,141480.45472818665
739,141480.45472818665
740,141480.45472818665
741,147239.33615948862
742,132256.57333388412
743,132256.57333388412
744,167508.02768150892
745,133722.7156519544
746,133722.7156519544
747,133722.7156519544
748,133722.7156519544
749,133722.7156519544
750,141480.45472818665
751,141480.45472818665
752,142634.43283713132
753,149156.90300458614
754,147239.33615948862
755,133722.7156519544
756,132256.57333388412
757,132256.57333388412
758,132256.57333388412
759,149223.13077149165
760,133722.7156519544
761,133722.7156519544
762,141480.45472818665
763,168626.91923303905
764,160597.76475508246
765,149156.90300458614
766,172308.38993890779
767,161852.61193969497
768,149188.7188026884
769,149188.7188026884
770,133722.7156519544
771,133722.7156519544
772,133722.7156519544
773,133722.7156519544
774,133722.7156519544
775,133722.7156519544
776,141480.45472818665
777,141480.45472818665
778,156156.85145763902
779,199256.3680484132
780,157651.15486605803
781,149156.90300458614
782,149156.90300458614
783,147239.33615948862
784,147239.33615948862
785,172308.38993890779
786,132256.57333388412
787,149223.13077149165
788,141480.45472818665
789,149188.7188026884
790,149223.13077149165
791,156156.85145763902
792,209500.0211495076
793,154757.39899617256
794,149156.90300458614
795,149156.90300458614
796,147239.33615948862
797,161852.61193969497
798,132256.57333388412
799,149188.7188026884
800,149223.13077149165
801,147185.75632348843
802,133722.7156519544
803,133777.45656899738
804,141480.45472818665
805,141480.45472818665
806,160597.76475508246
807,149156.90300458614
808,147239.33615948862
809,132256.57333388412
810,133722.7156519544
811,133722.7156519544
812,141480.45472818665
813,132256.57333388412
814,147654.37288853835
815,149156.90300458614
816,149030.63655123892
817,149188.7188026884
818,161852.61193969497
819,149188.7188026884
820,149030.63655123892
821,132256.57333388412
822,132256.57333388412
823,149156.90300458614
824,141480.45472818665
825,133722.7156519544
826,149223.13077149165
827,141480.45472818665
828,141480.45472818665
829,149223.13077149165
830,152014.09276866977
831,149156.90300458614
832,141480.45472818665
833,152014.09276866977
834,149223.13077149165
835,149223.13077149165
836,141480.45472818665
837,133722.7156519544
838,132256.57333388412
839,132256.57333388412
840,132256.57333388412
841,132256.57333388412
842,132256.57333388412
843,132256.57333388412
844,141480.45472818665
845,132256.57333388412
846,149223.13077149165
847,149223.13077149165
848,147654.37288853835
849,141480.45472818665
850,133777.45656899738
851,149223.13077149165
852,141480.45472818665
853,147654.37288853835
854,158890.77672360762
855,150539.51449745474
856,150539.51449745474
857,151157.98867868428
858,132256.57333388412
859,133722.7156519544
860,149156.90300458614
861,149156.90300458614
862,132256.57333388412
863,133722.7156519544
864,133722.7156519544
865,155366.69370313117
866,149223.13077149165
867,149223.13077149165
868,161852.61193969497
869,132256.57333388412
870,150700.02914409025
871,133722.7156519544
872,133722.7156519544
873,133722.7156519544
874,141480.45472818665
875,141480.45472818665
876,167076.87455164775
877,147308.9604799193
878,160597.76475508246
879,150676.93680220493
880,149030.63655123892
881,152267.0949707016
882,161852.61193969497
883,149188.7188026884
884,160597.76475508246
885,152267.0949707016
886,161852.61193969497
887,168626.91923303905
888,153520.12527072916
889,168626.91923303905
890,162816.90478816413
891,147654.37288853835
892,151157.98867868428
893,147654.37288853835
894,133777.45656899738
895,152014.09276866977
896,149156.90300458614
897,149156.90300458614
898,161852.61193969497
899,149188.7188026884
900,149188.7188026884
901,149223.13077149165
902,133722.7156519544
903,133777.45656899738
904,141480.45472818665
905,160597.76475508246
906,145912.8619341449
907,149156.90300458614
908,172308.38993890779
909,126785.30592748382
910,132256.57333388412
911,132256.57333388412
912,141480.45472818665
913,141480.45472818665
914,141480.45472818665
915,141480.45472818665
916,141480.45472818665
917,149156.90300458614
918,133722.7156519544
919,141480.45472818665
920,141480.45472818665
921,152014.09276866977
922,149156.90300458614
923,149156.90300458614
924,149156.90300458614
925,152267.0949707016
926,132256.57333388412
927,132256.57333388412
928,132256.57333388412
929,132256.57333388412
930,132256.57333388412
931,132256.57333388412
932,133722.7156519544
933,133722.7156519544
934,133722.7156519544
935,141480.45472818665
936,141480.45472818665
937,168626.91923303905
938,142008.0337185138
939,163765.1781805566
940,132256.57333388412
941,132256.57333388412
942,133722.7156519544
943,133722.7156519544
944,133722.7156519544
945,149156.90300458614
946,147654.37288853835
947,147654.37288853835
948,150700.02914409025
949,150700.02914409025
950,160597.76475508246
951,147185.75632348843
952,168626.91923303905
953,132256.57333388412
954,161852.61193969497
955,155366.69370313117
956,141480.45472818665
957,133963.16211650346
958,149223.13077149165
959,147239.33615948862
960,147239.33615948862
961,151157.98867868428
962,160597.76475508246
963,149223.13077149165
964,151157.98867868428
965,141480.45472818665
966,172551.7086445058
967,141480.45472818665
968,141480.45472818665
969,149223.13077149165
970,149223.13077149165
971,149156.90300458614
972,149156.90300458614
973,132256.57333388412
974,151157.98867868428
975,132256.57333388412
976,133722.7156519544
977,141480.45472818665
978,141480.45472818665
979,147654.37288853835
980,132256.57333388412
981,132256.57333388412
982,141480.45472818665
983,141480.45472818665
984,147239.33615948862
985,188206.6296738075
986,132256.57333388412
987,149188.7188026884
988,149223.13077149165
989,133722.7156519544
990,133722.7156519544
991,141480.45472818665
992,141480.45472818665
993,149156.90300458614
994,172308.38993890779
995,132256.57333388412
996,132256.57333388412
997,132256.57333388412
998,132256.57333388412
999,149188.7188026884
1000,133722.7156519544
1001,149156.90300458614
1002,147239.33615948862
1003,132256.57333388412
1004,141480.45472818665
1005,149156.90300458614
1006,161852.61193969497
1007,149223.13077149165
1008,133722.7156519544
1009,141480.45472818665
1010,149156.90300458614
1011,167076.87455164775
1012,149156.90300458614
1013,147239.33615948862
1014,152267.0949707016
1015,132256.57333388412
1016,132256.57333388412
1017,150700.02914409025
1018,133722.7156519544
1019,142287.72808433603
1020,132256.57333388412
1021,132256.57333388412
1022,132256.57333388412
1023,132256.57333388412
1024,132256.57333388412
1025,132256.57333388412
1026,132256.57333388412
1027,132256.57333388412
1028,149223.13077149165
1029,133722.7156519544
1030,133722.7156519544
1031,133777.45656899738
1032,140610.50113892666
1033,140610.50113892666
1034,147239.33615948862
1035,167076.87455164775
1036,151157.98867868428
1037,143609.4975666423
1038,163765.1781805566
1039,151157.98867868428
1040,161852.61193969497
1041,141480.45472818665
1042,141480.45472818665
1043,149223.13077149165
1044,133722.7156519544
1045,141480.45472818665
1046,149156.90300458614
1047,160597.76475508246
1048,132256.57333388412
1049,147654.37288853835
1050,149223.13077149165
1051,141480.45472818665
1052,141480.45472818665
1053,141480.45472818665
1054,132256.57333388412
1055,149156.90300458614
1056,141480.45472818665
1057,141480.45472818665
1058,141480.45472818665
1059,161852.61193969497
1060,160597.76475508246
1061,153520.12527072916
1062,161852.61193969497
1063,149188.7188026884
1064,161852.61193969497
1065,149188.7188026884
1066,149156.90300458614
1067,150700.02914409025
1068,132256.57333388412
1069,141480.45472818665
1070,141480.45472818665
1071,156717.17611423263
1072,156717.17611423263
1073,147239.33615948862
1074,133623.65316156237
1075,132256.57333388412
1076,132256.57333388412
1077,132256.57333388412
1078,141480.45472818665
1079,141480.45472818665
1080,141480.45472818665
1081,149156.90300458614
1082,142083.41507027103
1083,149223.13077149165
1084,133722.7156519544
1085,133722.7156519544
1086,133722.7156519544
1087,133722.7156519544
1088,141480.45472818665
1089,142287.72808433603
1090,150676.93680220493
1091,163765.1781805566
1092,132256.57333388412
1093,132256.57333388412
1094,132256.57333388412
1095,132256.57333388412
1096,132256.57333388412
1097,132256.57333388412
1098,133722.7156519544
1099,133722.7156519544
1100,133722.7156519544
1101,133722.7156519544
1102,141480.45472818665
1103,141480.45472818665
1104,141480.45472818665
1105,141480.45472818665
1106,160597.76475508246
1107,147239.33615948862
1108,140610.50113892666
1109,141480.45472818665
1110,142287.72808433603
1111,147239.33615948862
1112,133777.45656899738
1113,142287.72808433603
1114,106397.57297863427
1115,172551.7086445058
1116,133722.7156519544
1117,150700.02914409025
1118,135487.5709307283
1119,147239.33615948862
1120,151157.98867868428
1121,147654.37288853835
1122,150539.51449745474
1123,141480.45472818665
1124,132256.57333388412
1125,141480.45472818665
1126,147654.37288853835
1127,155366.69370313117
1128,132256.57333388412
1129,162646.08739723748
1130,133722.7156519544
1131,133722.7156519544
1132,132256.57333388412
1133,133722.7156519544
1134,141480.45472818665
1135,149156.90300458614
1136,149156.90300458614
1137,132256.57333388412
1138,133722.7156519544
1139,149156.90300458614
1140,147239.33615948862
1141,133722.7156519544
1142,133722.7156519544
1143,133722.7156519544
1144,133722.7156519544
1145,160597.76475508246
1146,126785.30592748382
1147,161852.61193969497
1148,155366.69370313117
1149,132256.57333388412
1150,132256.57333388412
1151,133722.7156519544
1152,133777.45656899738
1153,151729.8544135141
1154,151729.8544135141
1155,141480.45472818665
1156,141480.45472818665
1157,133722.7156519544
1158,133722.7156519544
1159,133722.7156519544
1160,141480.45472818665
1161,161852.61193969497
1162,133722.7156519544
1163,133722.7156519544
1164,133722.7156519544
1165,133722.7156519544
1166,141480.45472818665
1167,149156.90300458614
1168,149156.90300458614
1169,140610.50113892666
1170,133722.7156519544
1171,132256.57333388412
1172,142287.72808433603
1173,161852.61193969497
1174,150539.51449745474
1175,141480.45472818665
1176,141480.45472818665
1177,147654.37288853835
1178,156717.17611423263
1179,156717.17611423263
1180,147654.37288853835
1181,141480.45472818665
1182,149223.13077149165
1183,152014.09276866977
1184,149223.13077149165
1185,133623.65316156237
1186,132256.57333388412
1187,132256.57333388412
1188,149223.13077149165
1189,147239.33615948862
1190,149223.13077149165
1191,141480.45472818665
1192,149223.13077149165
1193,149223.13077149165
1194,141480.45472818665
1195,151157.98867868428
1196,152267.0949707016
1197,132256.57333388412
1198,133722.7156519544
1199,141480.45472818665
1200,141480.45472818665
1201,149030.63655123892
1202,142008.0337185138
1203,149188.7188026884
1204,149188.7188026884
1205,155366.69370313117
1206,150676.93680220493
1207,150539.51449745474
1208,141480.45472818665
1209,163765.1781805566
1210,132256.57333388412
1211,133722.7156519544
1212,133722.7156519544
1213,133722.7156519544
1214,141480.45472818665
1215,149223.13077149165
1216,133722.7156519544
1217,133722.7156519544
1218,198726.773343754
1219,149156.90300458614
1220,149156.90300458614
1221,149156.90300458614
1222,147654.37288853835
1223,147654.37288853835
1224,172308.38993890779
1225,155366.69370313117
1226,149223.13077149165
1227,141480.45472818665
1228,149156.90300458614
1229,132256.57333388412
1230,132256.57333388412
1231,149188.7188026884
1232,149223.13077149165
1233,133722.7156519544
1234,133722.7156519544
1235,133722.7156519544
1236,133722.7156519544
1237,133722.7156519544
1238,133722.7156519544
1239,141480.45472818665
1240,156717.17611423263
1241,147239.33615948862
1242,147239.33615948862
1243,147239.33615948862
1244,142287.72808433603
1245,147654.37288853835
1246,133722.7156519544
1247,149156.90300458614
1248,121083.80033758833
1249,150539.51449745474
1250,132256.57333388412
1251,141480.45472818665
1252,141480.45472818665
1253,141843.72792599094
1254,141480.45472818665
1255,141480.45472818665
1256,152014.09276866977
1257,150700.02914409025
1258,141480.45472818665
1259,147239.33615948862
1260,132256.57333388412
1261,132256.57333388412
1262,132256.57333388412
1263,162646.08739723748
1264,167508.02768150892
1265,149223.13077149165
1266,150700.02914409025
1267,133722.7156519544
1268,133722.7156519544
1269,133722.7156519544
1270,141480.45472818665
1271,151157.98867868428
1272,132256.57333388412
1273,133722.7156519544
1274,132256.57333388412
1275,132256.57333388412
1276,132256.57333388412
1277,132256.57333388412
1278,126785.30592748382
1279,126785.30592748382
1280,161852.61193969497
1281,133722.7156519544
1282,133722.7156519544
1283,133722.7156519544
1284,133722.7156519544
1285,133722.7156519544
1286,133777.45656899738
1287,133777.45656899738
1288,133777.45656899738
1289,150539.51449745474
1290,151157.98867868428
1291,160597.76475508246
1292,137667.36778896343
1293,149156.90300458614
1294,172551.7086445058
1295,147654.37288853835
1296,132256.57333388412
1297,133722.7156519544
1298,133722.7156519544
1299,137667.36778896343
1300,142083.41507027103
1301,147239.33615948862
1302,155366.69370313117
1303,132256.57333388412
1304,126785.30592748382
1305,132256.57333388412
1306,132256.57333388412
1307,149223.13077149165
1308,133722.7156519544
1309,133722.7156519544
1310,133722.7156519544
1311,166006.14975404937
1312,172551.7086445058
1313,147239.33615948862
1314,132256.57333388412
1315,132256.57333388412
1316,132256.57333388412
1317,152014.09276866977
1318,142287.72808433603
1319,133623.65316156237
1320,151157.98867868428
1321,149030.63655123892
1322,141480.45472818665
1323,151157.98867868428
1324,149156.90300458614
1325,151157.98867868428
1326,147239.33615948862
1327,172551.7086445058
1328,149223.13077149165
1329,133623.65316156237
1330,149223.13077149165
1331,133777.45656899738
1332,141480.45472818665
1333,152014.09276866977
1334,149223.13077149165
1335,149223.13077149165
1336,149223.13077149165
1337,140610.50113892666
1338,152014.09276866977
1339,152014.09276866977
1340,156717.17611423263
1341,145912.8619341449
1342,133722.7156519544
1343,132256.57333388412
1344,133722.7156519544
1345,150700.02914409025
1346,141480.45472818665
1347,147239.33615948862
1348,132256.57333388412
1349,141480.45472818665
1350,141480.45472818665
1351,147654.37288853835
1352,141480.45472818665
1353,149156.90300458614
1354,141480.45472818665
1355,132256.57333388412
1356,132256.57333388412
1357,149156.90300458614
1358,132256.57333388412
1359,161852.61193969497
1360,150539.51449745474
1361,157651.15486605803
1362,147654.37288853835
1363,133722.7156519544
1364,133722.7156519544
1365,133722.7156519544
1366,133722.7156519544
1367,133722.7156519544
1368,141480.45472818665
1369,151157.98867868428
1370,141480.45472818665
1371,141480.45472818665
1372,149156.90300458614
1373,149156.90300458614
1374,132256.57333388412
1375,133722.7156519544
1376,150539.51449745474
1377,150539.51449745474
1378,149156.90300458614
1379,147239.33615948862
1380,147654.37288853835
1381,172308.38993890779
1382,132256.57333388412
1383,141480.45472818665
1384,153520.12527072916
1385,149156.90300458614
1386,132256.57333388412
1387,132256.57333388412
1388,132256.57333388412
1389,132256.57333388412
1390,132256.57333388412
1391,132256.57333388412
1392,132256.57333388412
1393,132256.57333388412
1394,132256.57333388412
1395,132256.57333388412
1396,162646.08739723748
1397,149223.13077149165
1398,133722.7156519544
1399,133722.7156519544
1400,149156.90300458614
1401,147239.33615948862
1402,149156.90300458614
1403,143712.29922762644
1404,149156.90300458614
1405,147654.37288853835
1406,161852.61193969497
1407,141480.45472818665
1408,160597.76475508246
1409,157777.99986120258
1410,149156.90300458614
1411,141480.45472818665
1412,141480.45472818665
1413,141480.45472818665
1414,156717.17611423263
1415,132256.57333388412
1416,132256.57333388412
1417,132256.57333388412
1418,132256.57333388412
1419,150700.02914409025
1420,133722.7156519544
1421,133722.7156519544
1422,133722.7156519544
1423,133777.45656899738
1424,106397.57297863427
1425,132256.57333388412
1426,132256.57333388412
1427,133722.7156519544
1428,132256.57333388412
1429,133722.7156519544
1430,133722.7156519544
1431,133722.7156519544
1432,149156.90300458614
1433,149156.90300458614
1434,149156.90300458614
1435,149156.90300458614
1436,149156.90300458614
1437,149223.13077149165
1438,142287.72808433603
1439,160597.76475508246
1440,149156.90300458614
1441,147654.37288853835
1442,161852.61193969497
1443,141480.45472818665
1444,149223.13077149165
1445,133722.7156519544
1446,133722.7156519544
1447,133777.45656899738
1448,156156.85145763902
1449,151157.98867868428
1450,149156.90300458614
1451,147239.33615948862
1452,149223.13077149165
1453,133722.7156519544
1454,133722.7156519544
1455,133722.7156519544
1456,161852.61193969497
1457,161852.61193969497
1458,132256.57333388412
1459,149223.13077149165
1460,149223.13077149165
1461,149223.13077149165
1462,141480.45472818665
1463,141480.45472818665
1464,126785.30592748382
1465,133722.7156519544
1466,133722.7156519544
1467,149223.13077149165
1468,106397.57297863427
1469,161852.61193969497
1470,141480.45472818665
1471,149223.13077149165
1472,147654.37288853835
1473,133722.7156519544
1474,152014.09276866977
1475,162707.9274485445
1476,149156.90300458614
1477,132256.57333388412
1478,132256.57333388412
1479,149223.13077149165
1480,133963.16211650346
1481,149223.13077149165
1482,149223.13077149165
1483,141843.72792599094
1484,172551.7086445058
1485,133722.7156519544
1486,133722.7156519544
1487,132256.57333388412
1488,149223.13077149165
1489,150700.02914409025
1490,133777.45656899738
1491,142008.0337185138
1492,149156.90300458614
1493,147239.33615948862
1494,150700.02914409025
1495,151157.98867868428
1496,132256.57333388412
1497,149188.7188026884
1498,133722.7156519544
1499,154757.39899617256
1500,147654.37288853835
1501,147654.37288853835
1502,161852.61193969497
1503,133722.7156519544
1504,150539.51449745474
1505,161852.61193969497
1506,132256.57333388412
1507,132256.57333388412
1508,150700.02914409025
1509,133722.7156519544
1510,133722.7156519544
1511,133722.7156519544
1512,141480.45472818665
1513,150676.93680220493
1514,149156.90300458614
1515,156156.85145763902
1516,153520.12527072916
1517,147654.37288853835
1518,149188.7188026884
1519,149156.90300458614
1520,147239.33615948862
1521,141480.45472818665
1522,160597.76475508246
1523,149156.90300458614
1524,149156.90300458614
1525,149156.90300458614
1526,149156.90300458614
1527,132256.57333388412
1528,132256.57333388412
1529,132256.57333388412
1530,132256.57333388412
1531,132256.57333388412
1532,145912.8619341449
1533,145912.8619341449
1534,150539.51449745474
1535,141480.45472818665
1536,141480.45472818665
1537,149223.13077149165
1538,147654.37288853835
1539,149156.90300458614
1540,149223.13077149165
1541,155366.69370313117
1542,162646.08739723748
1543,149223.13077149165
1544,149223.13077149165
1545,141480.45472818665
1546,141480.45472818665
1547,132256.57333388412
1548,132256.57333388412
1549,132256.57333388412
1550,132256.57333388412
1551,150700.02914409025
1552,133722.7156519544
1553,142287.72808433603
1554,132256.57333388412
1555,132256.57333388412
1556,132256.57333388412
1557,132256.57333388412
1558,132256.57333388412
1559,132256.57333388412
1560,132256.57333388412
1561,132256.57333388412
1562,150700.02914409025
1563,161852.61193969497
1564,149156.90300458614
1565,149156.90300458614
1566,133722.7156519544
1567,132256.57333388412
1568,147239.33615948862
1569,133623.65316156237
1570,161852.61193969497
1571,161852.61193969497
1572,132256.57333388412
1573,149188.7188026884
1574,150539.51449745474
1575,160597.76475508246
1576,132256.57333388412
1577,149223.13077149165
1578,147308.9604799193
1579,167076.87455164775
1580,132256.57333388412
1581,172308.38993890779
1582,133722.7156519544
1583,133722.7156519544
1584,147239.33615948862
1585,147239.33615948862
1586,267908.4657758643
1587,132256.57333388412
1588,133722.7156519544
1589,149030.63655123892
1590,157651.15486605803
1591,147654.37288853835
1592,155202.42514539178
1593,142083.41507027103
1594,149223.13077149165
1595,141480.45472818665
1596,150539.51449745474
1597,141266.90706255546
1598,132256.57333388412
1599,132256.57333388412
1600,132256.57333388412
1601,149156.90300458614
1602,149156.90300458614
1603,149156.90300458614
1604,147239.33615948862
1605,142287.72808433603
1606,142287.72808433603
1607,155366.69370313117
1608,132256.57333388412
1609,132256.57333388412
1610,132256.57333388412
1611,132256.57333388412
1612,132256.57333388412
1613,132256.57333388412
1614,132256.57333388412
1615,132256.57333388412
1616,132256.57333388412
1617,141480.45472818665
1618,172551.7086445058
1619,149156.90300458614
1620,133623.65316156237
1621,132256.57333388412
1622,133722.7156519544
1623,133722.7156519544
1624,133722.7156519544
1625,132256.57333388412
1626,132256.57333388412
1627,133722.7156519544
1628,140610.50113892666
1629,142287.72808433603
1630,149156.90300458614
1631,147239.33615948862
1632,133722.7156519544
1633,133722.7156519544
1634,141480.45472818665
1635,156717.17611423263
1636,132256.57333388412
1637,141480.45472818665
1638,156717.17611423263
1639,147308.9604799193
1640,153520.12527072916
1641,152267.0949707016
1642,152267.0949707016
1643,149188.7188026884
1644,141480.45472818665
1645,160597.76475508246
1646,149156.90300458614
1647,149156.90300458614
1648,149156.90300458614
1649,132256.57333388412
1650,132256.57333388412
1651,150700.02914409025
1652,133722.7156519544
1653,141480.45472818665
1654,149156.90300458614
1655,149156.90300458614
1656,149156.90300458614
1657,152267.0949707016
1658,132256.57333388412
1659,132256.57333388412
1660,133722.7156519544
1661,133722.7156519544
1662,141480.45472818665
1663,149156.90300458614
1664,149156.90300458614
1665,149156.90300458614
1666,132256.57333388412
1667,132256.57333388412
1668,132256.57333388412
1669,132256.57333388412
1670,149223.13077149165
1671,149223.13077149165
1672,133722.7156519544
1673,149156.90300458614
1674,149156.90300458614
1675,132256.57333388412
1676,132256.57333388412
1677,133722.7156519544
1678,149156.90300458614
1679,149223.13077149165
1680,149223.13077149165
1681,147654.37288853835
1682,149188.7188026884
1683,160597.76475508246
1684,133722.7156519544
1685,141480.45472818665
1686,141480.45472818665
1687,149156.90300458614
1688,149156.90300458614
1689,149156.90300458614
1690,132256.57333388412
1691,132256.57333388412
1692,158890.77672360762
1693,149223.13077149165
1694,149223.13077149165
1695,141480.45472818665
1696,132256.57333388412
1697,132256.57333388412
1698,132256.57333388412
1699,149223.13077149165
1700,150700.02914409025
1701,133722.7156519544
1702,141480.45472818665
1703,141480.45472818665
1704,141480.45472818665
1705,133722.7156519544
1706,149156.90300458614
1707,161852.61193969497
1708,132256.57333388412
1709,132256.57333388412
1710,132256.57333388412
1711,132256.57333388412
1712,132256.57333388412
1713,132256.57333388412
1714,150700.02914409025
1715,152267.0949707016
1716,155202.42514539178
1717,132256.57333388412
1718,149156.90300458614
1719,132256.57333388412
1720,141480.45472818665
1721,141480.45472818665
1722,153520.12527072916
1723,160597.76475508246
1724,137667.36778896343
1725,126785.30592748382
1726,133722.7156519544
1727,133722.7156519544
1728,133777.45656899738
1729,141480.45472818665
1730,141480.45472818665
1731,141480.45472818665
1732,160597.76475508246
1733,147239.33615948862
1734,132256.57333388412
1735,149223.13077149165
1736,149156.90300458614
1737,149223.13077149165
1738,141480.45472818665
1739,149030.63655123892
1740,147239.33615948862
1741,161852.61193969497
1742,147239.33615948862
1743,133777.45656899738
1744,151157.98867868428
1745,149223.13077149165
1746,149188.7188026884
1747,149188.7188026884
1748,155366.69370313117
1749,160597.76475508246
1750,132256.57333388412
1751,132256.57333388412
1752,149223.13077149165
1753,151157.98867868428
1754,132256.57333388412
1755,126785.30592748382
1756,141480.45472818665
1757,132256.57333388412
1758,149156.90300458614
1759,132256.57333388412
1760,149188.7188026884
1761,147654.37288853835
1762,147654.37288853835
1763,132256.57333388412
1764,132256.57333388412
1765,132256.57333388412
1766,132256.57333388412
1767,149223.13077149165
1768,149223.13077149165
1769,132256.57333388412
1770,160597.76475508246
1771,149223.13077149165
1772,133722.7156519544
1773,133722.7156519544
1774,168626.91923303905
1775,149156.90300458614
1776,163765.1781805566
1777,132256.57333388412
1778,163765.1781805566
1779,132256.57333388412
1780,132256.57333388412
1781,132256.57333388412
1782,132256.57333388412
1783,132256.57333388412
1784,132256.57333388412
1785,132256.57333388412
1786,132256.57333388412
1787,149223.13077149165
1788,141480.45472818665
1789,147654.37288853835
1790,161852.61193969497
1791,149223.13077149165
1792,161852.61193969497
1793,158890.77672360762
1794,149188.7188026884
1795,155366.69370313117
1796,172308.38993890779
1797,149223.13077149165
1798,149223.13077149165
1799,155366.69370313117
1800,147654.37288853835
1801,152014.09276866977
1802,142287.72808433603
1803,147239.33615948862
1804,133722.7156519544
1805,132256.57333388412
1806,132256.57333388412
1807,132256.57333388412
1808,150700.02914409025
1809,133722.7156519544
1810,133722.7156519544
1811,167076.87455164775
1812,149156.90300458614
1813,149156.90300458614
1814,149156.90300458614
1815,149156.90300458614
1816,149156.90300458614
1817,132256.57333388412
1818,132256.57333388412
1819,150700.02914409025
1820,133722.7156519544
1821,133722.7156519544
1822,133722.7156519544
1823,133722.7156519544
1824,133722.7156519544
1825,141480.45472818665
1826,141480.45472818665
1827,141480.45472818665
1828,132256.57333388412
1829,132256.57333388412
1830,149223.13077149165
1831,133722.7156519544
1832,133722.7156519544
1833,141480.45472818665
1834,141480.45472818665
1835,149156.90300458614
1836,126785.30592748382
1837,161852.61193969497
1838,161852.61193969497
1839,141480.45472818665
1840,126785.30592748382
1841,126785.30592748382
1842,161852.61193969497
1843,132256.57333388412
1844,150539.51449745474
1845,154757.39899617256
1846,149156.90300458614
1847,152267.0949707016
1848,126785.30592748382
1849,161852.61193969497
1850,132256.57333388412
1851,132256.57333388412
1852,132256.57333388412
1853,132256.57333388412
1854,149223.13077149165
1855,149156.90300458614
1856,149156.90300458614
1857,149030.63655123892
1858,155366.69370313117
1859,149188.7188026884
1860,149223.13077149165
1861,149223.13077149165
1862,149223.13077149165
1863,141480.45472818665
1864,149156.90300458614
1865,149156.90300458614
1866,149156.90300458614
1867,149156.90300458614
1868,147654.37288853835
1869,133623.65316156237
1870,126785.30592748382
1871,126785.30592748382
1872,161852.61193969497
1873,151157.98867868428
1874,149156.90300458614
1875,141480.45472818665
1876,126785.30592748382
1877,126785.30592748382
1878,126785.30592748382
1879,149223.13077149165
1880,141480.45472818665
1881,141480.45472818665
1882,149156.90300458614
1883,149223.13077149165
1884,147239.33615948862
1885,132256.57333388412
1886,121083.80033758833
1887,149156.90300458614
1888,149156.90300458614
1889,142287.72808433603
1890,132256.57333388412
1891,147239.33615948862
1892,132256.57333388412
1893,132256.57333388412
1894,132256.57333388412
1895,132256.57333388412
1896,132256.57333388412
1897,133722.7156519544
1898,132256.57333388412
1899,132256.57333388412
1900,132256.57333388412
1901,133722.7156519544
1902,141480.45472818665
1903,149156.90300458614
1904,141480.45472818665
1905,172551.7086445058
1906,161852.61193969497
1907,132256.57333388412
1908,150700.02914409025
1909,126785.30592748382
1910,126785.30592748382
1911,132256.57333388412
1912,132256.57333388412
1913,132256.57333388412
1914,158890.77672360762
1915,132256.57333388412
1916,132256.57333388412
1917,132256.57333388412
1918,133722.7156519544
1919,149156.90300458614
1920,132256.57333388412
1921,132256.57333388412
1922,132256.57333388412
1923,149188.7188026884
1924,133722.7156519544
1925,145798.02670888754
1926,149156.90300458614
1927,149156.90300458614
1928,147654.37288853835
1929,149223.13077149165
1930,133722.7156519544
1931,149156.90300458614
1932,149188.7188026884
1933,149156.90300458614
1934,126785.30592748382
1935,132256.57333388412
1936,132256.57333388412
1937,132256.57333388412
1938,149188.7188026884
1939,133722.7156519544
1940,133722.7156519544
1941,133722.7156519544
1942,133722.7156519544
1943,133722.7156519544
1944,141480.45472818665
1945,141480.45472818665
1946,172308.38993890779
1947,133623.65316156237
1948,142008.0337185138
1949,126785.30592748382
1950,126785.30592748382
1951,143712.29922762644
1952,150676.93680220493
1953,147654.37288853835
1954,150539.51449745474
1955,149188.7188026884
1956,141480.45472818665
1957,161852.61193969497
1958,152014.09276866977
1959,150700.02914409025
1960,149156.90300458614
1961,132256.57333388412
1962,133722.7156519544
1963,133722.7156519544
1964,141480.45472818665
1965,147654.37288853835
1966,132256.57333388412
1967,150700.02914409025
1968,141480.45472818665
1969,149156.90300458614
1970,126785.30592748382
1971,126785.30592748382
1972,126785.30592748382
1973,161852.61193969497
1974,126785.30592748382
1975,126785.30592748382
1976,142287.72808433603
1977,126785.30592748382
1978,126785.30592748382
1979,126785.30592748382
1980,132256.57333388412
1981,133722.7156519544
1982,142287.72808433603
1983,161852.61193969497
1984,149030.63655123892
1985,147239.33615948862
1986,152267.0949707016
1987,133722.7156519544
1988,147239.33615948862
1989,126785.30592748382
1990,126785.30592748382
1991,126785.30592748382
1992,152267.0949707016
1993,150700.02914409025
1994,150700.02914409025
1995,126785.30592748382
1996,126785.30592748382
1997,132256.57333388412
1998,149223.13077149165
1999,141480.45472818665
2000,141480.45472818665
2001,152014.09276866977
2002,162816.90478816413
2003,132256.57333388412
2004,132256.57333388412
2005,132256.57333388412
2006,132256.57333388412
2007,132256.57333388412
2008,132256.57333388412
2009,149223.13077149165
2010,141480.45472818665
2011,141480.45472818665
2012,141480.45472818665
2013,141480.45472818665
2014,149156.90300458614
2015,149156.90300458614
2016,149156.90300458614
2017,141480.45472818665
2018,149156.90300458614
2019,141480.45472818665
2020,132256.57333388412
2021,132256.57333388412
2022,153563.00078348615
2023,132256.57333388412
2024,132256.57333388412
2025,132256.57333388412
2026,147239.33615948862
2027,141480.45472818665
2028,141480.45472818665
2029,126785.30592748382
2030,132256.57333388412
2031,147654.37288853835
2032,141480.45472818665
2033,141480.45472818665
2034,132256.57333388412
2035,149223.13077149165
2036,141480.45472818665
2037,132256.57333388412
2038,149188.7188026884
2039,149188.7188026884
2040,149223.13077149165
2041,150700.02914409025
2042,147654.37288853835
2043,149223.13077149165
2044,160597.76475508246
2045,147239.33615948862
2046,149156.90300458614
2047,147654.37288853835
2048,132256.57333388412
2049,149223.13077149165
2050,149223.13077149165
2051,147654.37288853835
2052,126785.30592748382
2053,126785.30592748382
2054,126785.30592748382
2055,133722.7156519544
2056,133722.7156519544
2057,132256.57333388412
2058,132256.57333388412
2059,133722.7156519544
2060,162816.90478816413
2061,150676.93680220493
2062,172308.38993890779
2063,126785.30592748382
2064,126785.30592748382
2065,141480.45472818665
2066,161852.61193969497
2067,141480.45472818665
2068,149223.13077149165
2069,141480.45472818665
2070,147654.37288853835
2071,155366.69370313117
2072,149156.90300458614
2073,149223.13077149165
2074,149156.90300458614
2075,132256.57333388412
2076,132256.57333388412
2077,132256.57333388412
2078,132256.57333388412
2079,150700.02914409025
2080,132256.57333388412
2081,132256.57333388412
2082,150700.02914409025
2083,133722.7156519544
2084,133722.7156519544
2085,133722.7156519544
2086,133722.7156519544
2087,147654.37288853835
2088,132256.57333388412
2089,132256.57333388412
2090,132256.57333388412
2091,141480.45472818665
2092,149156.90300458614
2093,209500.0211495076
2094,161852.61193969497
2095,126785.30592748382
2096,126785.30592748382
2097,161852.61193969497
2098,137667.36778896343
2099,147654.37288853835
2100,126785.30592748382
2101,132256.57333388412
2102,156156.85145763902
2103,132256.57333388412
2104,132256.57333388412
2105,141480.45472818665
2106,156717.17611423263
2107,149156.90300458614
2108,172308.38993890779
2109,132256.57333388412
2110,141480.45472818665
2111,142287.72808433603
2112,126785.30592748382
2113,149223.13077149165
2114,149156.90300458614
2115,152267.0949707016
2116,151157.98867868428
2117,172308.38993890779
2118,132256.57333388412
2119,132256.57333388412
2120,133722.7156519544
2121,184375.08330029197
2122,141480.45472818665
2123,149156.90300458614
2124,132256.57333388412
2125,132256.57333388412
2126,132256.57333388412
2127,141480.45472818665
2128,132256.57333388412
2129,132256.57333388412
2130,132256.57333388412
2131,145912.8619341449
2132,132256.57333388412
2133,132256.57333388412
2134,132256.57333388412
2135,132256.57333388412
2136,132256.57333388412
2137,132256.57333388412
2138,141480.45472818665
2139,147239.33615948862
2140,126785.30592748382
2141,132256.57333388412
2142,132256.57333388412
2143,132256.57333388412
2144,132256.57333388412
2145,132256.57333388412
2146,132256.57333388412
2147,132256.57333388412
2148,132256.57333388412
2149,132256.57333388412
2150,136481.36410156736
2151,150539.51449745474
2152,149156.90300458614
2153,149156.90300458614
2154,147239.33615948862
2155,132256.57333388412
2156,133722.7156519544
2157,149156.90300458614
2158,152014.09276866977
2159,149223.13077149165
2160,126785.30592748382
2161,141480.45472818665
2162,149030.63655123892
2163,147654.37288853835
2164,132256.57333388412
2165,132256.57333388412
2166,149188.7188026884
2167,132256.57333388412
2168,132256.57333388412
2169,149223.13077149165
2170,149223.13077149165
2171,133722.7156519544
2172,141480.45472818665
2173,149156.90300458614
2174,147654.37288853835
2175,152267.0949707016
2176,126785.30592748382
2177,150539.51449745474
2178,149156.90300458614
2179,147654.37288853835
2180,147654.37288853835
2181,133777.45656899738
2182,132256.57333388412
2183,149223.13077149165
2184,137667.36778896343
2185,141480.45472818665
2186,149188.7188026884
2187,149223.13077149165
2188,149223.13077149165
2189,141480.45472818665
2190,126785.30592748382
2191,126785.30592748382
2192,150700.02914409025
2193,150700.02914409025
2194,133722.7156519544
2195,132256.57333388412
2196,132256.57333388412
2197,133722.7156519544
2198,141480.45472818665
2199,141480.45472818665
2200,141480.45472818665
2201,128050.84307762665
2202,132256.57333388412
2203,102428.9842118574
2204,102428.9842118574
2205,102428.9842118574
2206,102428.9842118574
2207,149223.13077149165
2208,133722.7156519544
2209,141480.45472818665
2210,168626.91923303905
2211,132256.57333388412
2212,141480.45472818665
2213,141480.45472818665
2214,147239.33615948862
2215,149223.13077149165
2216,126785.30592748382
2217,154757.39899617256
2218,151157.98867868428
2219,151157.98867868428
2220,151157.98867868428
2221,147654.37288853835
2222,126785.30592748382
2223,149223.13077149165
2224,150700.02914409025
2225,141480.45472818665
2226,147239.33615948862
2227,149223.13077149165
2228,149223.13077149165
2229,150700.02914409025
2230,133722.7156519544
2231,141480.45472818665
2232,152014.09276866977
2233,142287.72808433603
2234,132256.57333388412
2235,152014.09276866977
2236,149188.7188026884
2237,133722.7156519544
2238,132256.57333388412
2239,147308.9604799193
2240,132256.57333388412
2241,149156.90300458614
2242,132256.57333388412
2243,150700.02914409025
2244,149156.90300458614
2245,161852.61193969497
2246,147654.37288853835
2247,156156.85145763902
2248,126785.30592748382
2249,126785.30592748382
2250,126785.30592748382
2251,161852.61193969497
2252,132256.57333388412
2253,149223.13077149165
2254,133722.7156519544
2255,141480.45472818665
2256,152267.0949707016
2257,133722.7156519544
2258,133722.7156519544
2259,141480.45472818665
2260,141480.45472818665
2261,132256.57333388412
2262,132256.57333388412
2263,133722.7156519544
2264,126785.30592748382
2265,141480.45472818665
2266,149156.90300458614
2267,149030.63655123892
2268,147239.33615948862
2269,149223.13077149165
2270,150539.51449745474
2271,149156.90300458614
2272,149156.90300458614
2273,141480.45472818665
2274,149223.13077149165
2275,150676.93680220493
2276,151157.98867868428
2277,132256.57333388412
2278,150700.02914409025
2279,149156.90300458614
2280,150700.02914409025
2281,150700.02914409025
2282,150700.02914409025
2283,150700.02914409025
2284,150700.02914409025
2285,161852.61193969497
2286,149223.13077149165
2287,167076.87455164775
2288,161852.61193969497
2289,132256.57333388412
2290,133722.7156519544
2291,160597.76475508246
2292,149156.90300458614
2293,147239.33615948862
2294,149223.13077149165
2295,149223.13077149165
2296,133722.7156519544
2297,133722.7156519544
2298,149223.13077149165
2299,149223.13077149165
2300,132256.57333388412
2301,132256.57333388412
2302,141480.45472818665
2303,141480.45472818665
2304,141480.45472818665
2305,147654.37288853835
2306,132256.57333388412
2307,150700.02914409025
2308,141480.45472818665
2309,147239.33615948862
2310,147239.33615948862
2311,161852.61193969497
2312,132256.57333388412
2313,141480.45472818665
2314,147239.33615948862
2315,149223.13077149165
2316,141480.45472818665
2317,132256.57333388412
2318,132256.57333388412
2319,132256.57333388412
2320,132256.57333388412
2321,149156.90300458614
2322,132256.57333388412
2323,132256.57333388412
2324,132256.57333388412
2325,132256.57333388412
2326,147239.33615948862
2327,126785.30592748382
2328,132256.57333388412
2329,126785.30592748382
2330,161852.61193969497
2331,141480.45472818665
2332,126785.30592748382
2333,149188.7188026884
2334,149223.13077149165
2335,132256.57333388412
2336,132256.57333388412
2337,132256.57333388412
2338,132256.57333388412
2339,136481.36410156736
2340,132256.57333388412
2341,149223.13077149165
2342,149223.13077149165
2343,147654.37288853835
2344,147654.37288853835
2345,156717.17611423263
