Variant,Draft,Beam,Water,Fuel,Cabins,Displacement
Alliage 44,8.53,14.01,184.92,95.1,2.0,26400.0
Alliage AZZURO 53,9.84,15.75,200.77,177.0,3.0,35200.0
Allures 44,9.84,13.94,145.03,145.03,3.0,23100.0
Alubat CIGALE 16,8.0,16.0,66.0,244.0,3.0,25353.0
Alubat Ovni 395,6.89,13.48,113.59,66.04,3.0,22000.0
Amel 54,7.0,16.0,237.0,237.0,3.0,35000.0
Archambault 40 RC,8.14,12.3,25.89,20.08,3.0,14630.0
Azuree 40,8.5,13.85,84.54,31.7,3.0,15840.0
Azuree 46,8.53,13.94,97.74,56.8,3.0,23540.0
Bavaria 38 Cruiser,7.3,12.01,96.41999999999999,55.875,3.0,20649.2
Bavaria 39 Cruiser,6.07,12.99,95.1,54.95,3.0,18222.6
Bavaria 40 Cruiser,6.66,12.93,55.48,55.48,3.0,19093.8
Bavaria 40S Cruiser,7.55,12.96,54.95,54.95,3.0,17908.0
Bavaria 41 Cruiser,6.76,12.99,55.48,55.48,3.0,19096.0
Bavaria 42 Cruiser,5.91,13.09,95.1,54.95,3.0,20240.0
Bavaria 42 Match,8.1,12.34,79.25,39.63,3.0,18040.0
Bavaria 42 Vision,6.79,13.29,55.48,55.48,3.0,21266.666666666668
Bavaria 44 Vision,6.89,14.4,110.95,55.48,3.0,24493.333333333332
Bavaria 45 Cruiser,5.68,14.27,95.1,54.95,3.0,27720.0
Bavaria 46 Cruiser,6.89,14.27,95.1,54.95,3.0,27720.0
Bavaria 47 Cruiser,6.17,14.4,55.48,121.52,3.0,27720.0
Bavaria 49 Cruiser,5.91,14.63,211.34,92.46,5.0,27720.0
Bavaria 50 Cruiser,6.07,15.32,147.94,78.99,4.333333333333333,27720.0
Bavaria 51 Cruiser,6.07,14.73,198.13,84.01,3.666666666666667,27720.0
Bavaria 51 Cruiser Style,7.38,15.32,147.94,73.97,3.0,31020.0
Bavaria 56 Cruiser,8.08,15.58,182.28,79.25,3.0,28638.5
Bavaria C45 Holiday,6.63,14.73,171.71,66.04,3.0,26257.0
Bavaria Cruiser 46,6.89,14.27,95.1,54.95,3.0,27720.0
Bavaria Cruiser 46 Style,6.89,14.27,55.48,95.1,4.0,27720.0
Bavaria Cruiser 46S,6.89,14.27,95.1,54.95,3.75,27720.0
Bavaria Cruiser 50,6.07,15.32,147.94,78.99,3.5,27720.0
Bavaria Vision 46,7.02,13.75,128.0,46.0,3.25,27720.0
Beneteau 40,7.74,16.27,202.0,105.0,3.0,18172.0
Beneteau 41.1,5.5,13.75,174.0,53.0,3.0,16426.666666666668
Beneteau 423,5.58,12.92,143.0,53.0,2.5,14681.333333333334
Beneteau 43,5.42,13.5,95.0,53.0,2.0,12936.0
Beneteau 523,6.0,16.0,72.14,39.736666666666665,2.0,11190.666666666668
Beneteau 56,6.076666666666667,7.55,49.28,26.473333333333333,2.0,9445.333333333334
Beneteau America 50,6.153333333333333,11.15,26.42,13.21,2.0,7700.0
Beneteau Cyclades 39.3,6.23,12.96,84.54,58.12,3.0,11732.333333333334
Beneteau Cyclades 43,6.23,14.53,52.83,140.01,3.0,15764.666666666668
Beneteau Cyclades 43.3,6.25,14.5,140.0,52.0,3.0,19797.0
Beneteau Cyclades 43.4,6.3,14.42,119.75,46.82,3.0,23875.5
Beneteau Cyclades 50.5,6.3500000000000005,16.08,99.5,41.64,3.0,27954.0
Beneteau First 40,6.4,12.76,79.25,36.46,3.0,22667.0
Beneteau First 40 CR,8.04,12.76,53.0,34.0,3.0,17380.0
Beneteau First 40.7,7.75,12.25,72.0,36.0,3.0,18752.5
Beneteau First 44.7,7.193333333333333,13.08,113.0,53.0,3.0,20125.0
Beneteau First 45,6.636666666666667,13.75,151.0,53.0,3.0,22739.0
Beneteau First 47.7,6.08,14.75,163.8,62.09,3.0,25353.0
Beneteau First 50,7.87,14.47,150.05,62.61,3.0,24332.571428571428
Beneteau First 50 Sport,7.87,14.47,150.05,62.61,3.0,23312.14285714286
Beneteau Moorings 42.3,5.5,13.7,150.0,53.0,2.8333333333333335,22291.714285714286
Beneteau Moorings 43.5,6.23,14.53,148.0,53.0,2.6666666666666665,21271.285714285714
Beneteau Oceanis 38,6.82,13.09,34.34,34.34,2.5,20250.857142857145
Beneteau Oceanis 38.1,6.75,13.08,87.0,34.0,2.3333333333333335,19230.428571428572
Beneteau Oceanis 40,6.8966666666666665,12.67,190.0,53.0,2.166666666666667,18210.0
Beneteau Oceanis 41,7.043333333333334,13.67,90.0,52.0,2.0,18481.2
Beneteau Oceanis 41 Owners Version,7.19,13.78,63.4,52.83,2.5,18752.4
Beneteau Oceanis 41.1,7.055,13.75,174.0,53.0,3.0,19023.6
Beneteau Oceanis 423,6.92,12.92,308.0,53.0,3.0,19294.8
Beneteau Oceanis 43,6.5,13.42,95.0,52.0,3.5,19566.0
Beneteau Oceanis 43 Family,6.56,13.52,95.1,52.83,4.0,19899.5
Beneteau Oceanis 43.4,6.23,14.53,132.09,52.83,4.0,20233.0
Beneteau Oceanis 45,7.42,14.75,98.0,53.0,2.0,20566.5
Beneteau Oceanis 46,6.92,14.11,450.0,53.0,3.0,20900.0
Beneteau Oceanis 46 Family,6.92,13.94,390.0,52.83,3.0,23243.0
Beneteau Oceanis 46 Owner Version,6.92,13.94,330.0,57.553333333333335,3.0,23243.0
Beneteau Oceanis 46.1,6.92,14.75,270.0,62.276666666666664,3.0,22879.214285714286
Beneteau Oceanis 473,6.92,14.17,210.0,67.0,3.0,22515.428571428572
Beneteau Oceanis 48,7.08,15.58,147.0,106.0,3.0,22151.64285714286
Beneteau Oceanis 49,6.23,14.37,148.0,84.0,3.0,21787.85714285714
Beneteau Oceanis 50,5.92,14.67,149.0,62.0,3.0,21424.071428571428
Beneteau Oceanis 50 F G5,6.24,14.75,170.0,106.0,5.0,21060.285714285714
Beneteau Oceanis 50 Family,6.56,15.81,258.89,105.67,5.0,20696.5
Beneteau Oceanis 50.5,6.89,16.04,258.89,105.67,5.0,20332.714285714286
Beneteau Oceanis 51,6.593333333333333,15.75,201.0,106.0,3.0,19968.928571428572
Beneteau Oceanis 51.1,6.296666666666667,15.75,201.0,106.0,3.0,19605.14285714286
Beneteau Oceanis 523,6.0,16.0,197.33333333333334,106.0,3.0,19241.357142857145
Beneteau Oceanis 523 A,6.0,16.0,193.66666666666666,106.0,3.0,18877.571428571428
Beneteau Oceanis 54,6.3875,16.42,190.0,106.0,3.25,18513.785714285714
Beneteau Oceanis 55,6.775,16.24,400.0,105.89,3.5,18150.0
Beneteau OCEANIS 55,7.1625,16.24,400.0,105.78,3.75,18150.0
Beneteau Oceanis 55.1,7.55,16.27,264.17,105.67,4.0,19636.1
Beneteau Oceanis Clipper 423,6.89,12.8,224.085,118.83500000000001,4.0,21122.2
Beneteau Oceanis Clipper 473,7.25,14.8,184.0,132.0,4.0,22608.3
Beneteau Oceanis Clipper 523,7.71,16.01,224.55,118.88,4.0,24094.399999999998
Beneteau Sense 43,7.38,14.04,136.05,105.0,2.0,25580.5
Beneteau Sense 46,7.05,14.53,140.01,52.83,2.3333333333333335,27066.6
Beneteau Sense 50,7.25,15.92,193.0,220.0,2.6666666666666665,29649.949999999997
Beneteau Sense 51,6.08,15.92,151.0,110.0,3.0,32233.3
Beneteau Sense 55,6.484999999999999,16.33,256.0,219.0,3.0,34816.65
Bestevaer 49ST,6.89,14.44,169.07,211.34,2.0,37400.0
Bestevaer 53ST,7.55,15.22,317.01,290.59,2.0,39600.0
Boreal 44,8.14,14.4,167.75,167.75,2.0,29700.0
Boreal 47,8.14,14.4,167.75,167.75,2.0,19800.0
B-Yachts 38,7.38,9.02,26.42,26.42,2.0,9900.0
B-Yachts Brenta B42,7.87,10.17,26.42,26.42,2.0,12320.0
C&C 115,6.67,11.92,70.0,26.0,2.0,11800.0
C&C 121,6.5,13.17,80.0,55.0,2.0,19300.0
Cabo Rico 42,5.5,12.67,165.0,72.0,2.0,26800.0
Caliber 40 LRC SE,5.48,12.8,195.0,210.0,2.0,28843.933333333334
Caliber 47 LRC SE,5.315,13.17,210.035,243.56,2.0,30887.86666666667
Caliber 47LRC,5.15,13.16,225.07,277.12,2.0,32931.8
Catalina 375,4.5,13.0,97.0,40.0,2.0,16500.0
Catalina 385,6.83,13.08,100.0,40.0,2.0,17566.666666666668
Catalina 387,4.75,12.33,102.0,37.0,2.0,18633.333333333332
Catalina 400 MK II,6.75,13.5,98.0,38.0,2.0,19700.0
Catalina 42 Mk II,6.723333333333334,13.83,138.0,39.0,2.0,18966.666666666668
Catalina 42 MK II,6.696666666666666,13.83,138.0,39.0,2.0,18233.333333333332
Catalina 425,6.67,13.67,114.0,56.0,2.0,17500.0
Catalina 445,6.92,13.58,179.0,66.0,2.0,21250.0
Catalina 470,5.75,14.0,1000.0,176.0,2.0,25000.0
Catalina Morgan 440,4.92,14.0,176.0,117.0,2.0,28750.0
Catalina Morgan 440 DS Sloop,6.0,14.0,147.44,76.99,2.0,32500.0
Comar Comet 41S,7.22,12.86,118.88,36.98,2.0,36250.0
Comar Comet 450,7.87,13.78,158.5,47.55,3.0,40000.0
Comar Comet 45S,8.37,13.88,158.5,47.55,3.0,43750.0
Comar Comet 45s,8.37,13.88,158.5,47.55,3.0,47500.0
Comar Comet 51S,8.2,14.44,170.0,92.46,3.5,51250.0
Comar Comet 52 RS,7.685,16.08,126.9,71.08,4.0,55000.0
Contest 42CS,7.17,18.08,83.8,49.7,3.6666666666666665,24251.0
Contest 45CS,6.4,13.45,113.59,79.25,3.3333333333333335,22995.833333333332
Contest 50CS,7.58,16.83,185.0,185.0,3.0,21740.666666666668
Contest 55CS,8.25,16.33,159.5,187.0,3.0,20485.5
Dehler 37,5.92,11.5,70.0,32.0,3.0,19230.333333333332
Dehler 38 Competition,7.22,12.3,83.21,42.27,3.0,17975.166666666664
Dehler 39 SQ,6.5,12.63,60.76,29.06,3.0,16720.0
Dehler 41,7.05,12.8,56.795,29.06,3.0,8300.0
Dehler 41 CR,6.56,12.8,52.83,29.06,3.0,11560.0
Dehler 42,7.08,12.83,77.0,42.0,2.0,14820.0
Dehler 44,7.71,42.65,73.97,31.7,3.0,18080.0
Dehler 44 SQ,8.37,12.66,67.365,37.91,3.0,21340.0
Dehler 45,7.22,12.66,60.76,44.12,3.0,21385.0
Dehler 46,7.42,14.25,118.0,55.0,3.0,22954.166666666668
Dehler 47,7.87,13.81,103.32333333333334,92.46,2.75,24523.333333333332
Dehler 47 SQ,7.79,13.81,88.64666666666666,62.08,2.5,26092.5
Dehler Varianta 44,7.71,42.65,73.97,31.7,2.25,27661.666666666668
Delphia 40,7.17,12.92,92.0,55.0,2.0,29230.833333333336
Delphia 46 cc,7.55,14.7,158.5,105.67,2.5,30800.0
Discovery 55,15.68,13.715,126.8,79.25,3.0,26947.0
Dufour 380,6.23,12.73,95.1,52.83,3.0,23094.0
Dufour 382 GL,6.23,12.73,95.1,52.83,3.0,19241.0
Dufour 385,5.77,12.89,84.54,42.27,3.0,15388.0
Dufour 385 GL,5.77,12.89,84.54,42.27,2.0,15388.0
Dufour 390,6.25,12.67,100.39,52.83,2.3333333333333335,15565.0
Dufour 40,5.25,12.8,87.18,42.27,2.6666666666666665,17196.0
Dufour 40 Performance,6.89,12.8,95.1,52.83,3.0,9689.5
Dufour 405,6.66,13.06,100.39,52.83,3.0,2183.0
Dufour 405 GL,6.66,13.06,100.39,52.83,3.0,2183.0
Dufour 40e,6.8,12.7,100.4,52.8,3.0,17257.0
Dufour 40e Performance,6.89,12.76,100.4,52.8,3.0,19023.5
Dufour 410,6.89,13.78,100.39,52.83,3.0,20790.0
Dufour 410 GL,6.89,13.78,100.39,52.83,3.0,20790.0
Dufour 412,6.89,13.78,100.39,52.83,3.0,19709.0
Dufour 412 GL,6.83,13.67,100.39,52.83,3.0,19124.0
Dufour 425,6.07,13.58,116.0,42.0,3.3333333333333335,18539.0
Dufour 425 GL,6.07,13.58,116.0,42.0,3.6666666666666665,18539.0
Dufour 430,5.75,14.17,115.0,54.0,4.0,19179.333333333332
Dufour 430 GL,6.665,14.92,111.5,60.0,3.0,19819.666666666668
Dufour 44,7.58,14.01,108.0,66.0,3.0,20460.0
Dufour 44 Performance,8.53,13.94,63.4,23.78,3.0,21368.6
Dufour 445,7.22,14.24,150.58,66.04,3.0,22277.2
Dufour 445 GL,7.22,14.24,124.95,66.04,3.0,22721.6
Dufour 45 Performance,7.55,14.11,140.01,66.04,3.0,22663.3
Dufour 450 GL,7.22,14.27,150.05,66.04,3.0,22605.0
Dufour 450 Liberty version,6.4,14.27,150.05,66.04,3.0,22828.4
Dufour 455,19.69,45.93,146.03333333333333,65.69333333333334,3.0,23051.8
Dufour 455 GL,7.22,14.11,142.01666666666668,65.34666666666666,3.0,23275.2
Dufour 45e Performance,7.42,14.83,138.0,65.0,4.0,23498.6
Dufour 460,6.33,14.75,140.0,66.0,3.0,23722.0
Dufour 460 GL,6.33,14.83,140.0,66.0,3.0,23721.0
Dufour 460 Performance,6.33,14.83,140.0,66.0,3.0,23721.0
Dufour 485,6.89,13.62,116.24,58.12,3.0,25369.166666666668
Dufour 485 GL,6.89,13.62,116.24,58.12,3.0,27017.333333333332
Dufour 500,6.56,13.12,148.12,95.06,3.0,28665.5
Dufour 500 GL,6.33,15.67,180.0,132.0,3.0,30313.666666666668
Dufour 512 GL,6.89,15.68,190.2,132.09,5.0,31961.833333333336
Dufour 520,7.55,15.75,184.92,118.88,3.0,33610.0
Dufour 520 GL,7.55,15.75,184.92,118.88,3.0,33610.0
Dufour 520 GL Owner Version,7.55,15.75,191.52499999999998,125.485,3.0,35358.666666666664
Dufour 525 GL,7.859999999999999,16.08,198.13,132.09,3.5,37107.333333333336
Dufour 56 Exclusive,8.17,16.58,180.0,132.0,4.0,38856.0
Elan 394 Impression,5.91,12.83,126.59,43.59,3.8,20900.0
Elan 40 E5,7.87,12.7,73.18,34.87,3.6,18018.0
Elan 40 Impression,5.91,12.83,83.59,36.435,3.4,18158.0
Elan 410,8.0,12.67,94.0,38.0,3.2,18298.0
Elan 434 Impression,7.416666666666667,13.71,136.31,71.33,3.0,18140.2
Elan 444 Impression,6.833333333333333,13.0,136.31,64.065,3.0,17982.4
Elan 45 Impression,6.25,13.75,136.31,56.8,3.0,17824.6
Elan 450,6.312,14.34,144.14666666666668,63.843333333333334,4.0,17666.8
Elan 494 Impression,6.374,15.33,151.98333333333332,70.88666666666667,5.0,17509.0
Elan 50,6.436,15.35,159.82,77.93,6.0,17351.2
Elan 50 Impression,6.497999999999999,15.35,159.82,77.93,6.0,17193.4
Elan 514 IMPRESSION,6.56,13.12,845.0,105.0,3.0,17035.6
Elan GT5,6.42,12.83,256.0,39.0,2.0,16877.8
Elan Impression 384,6.23,12.83,47.55,63.4,2.25,16720.0
Elan IMPRESSION 394,5.91,12.83,63.4,43.59,2.5,20900.0
Elan Impression 40,5.91,12.83,99.85499999999999,57.46,2.75,19862.85714285714
Elan Impression 434,6.023333333333333,13.71,136.31,71.33,3.0,18825.714285714286
Elan Impression 444,6.136666666666667,13.0,136.31,64.065,3.0,17788.571428571428
Elan Impression 45,6.25,13.75,136.31,56.8,3.0,16751.428571428572
Elan Impression 494,6.655,15.33,148.065,67.36500000000001,4.5,15714.285714285714
Elan Impression 50,7.0600000000000005,15.35,159.82,77.93,6.0,14677.142857142857
Grand Soleil 37 B&C,7.465,12.07,95.0,37.0,4.5,13640.0
Grand Soleil 39,7.87,12.14,116.2,52.8,3.0,16204.0
Grand Soleil 40,7.84,12.5,95.0,48.0,3.0,15000.0
Grand Soleil 40 B&C,7.84,12.5,95.0,48.0,3.0,15000.0
Grand Soleil 43,7.55,12.96,100.465,54.510000000000005,3.0,17290.0
Grand Soleil 43 BC,8.2,12.96,105.93,61.02,3.0,19580.0
Grand Soleil 43 Maletto,7.87,13.12,95.1,58.12,3.0,20020.0
Grand Soleil 43 Maletto - GS 43,7.87,13.12,95.1,58.12,3.0,20020.0
Grand Soleil 45,7.71,13.5,106.0,60.0,3.0,20570.0
Grand Soleil 45 RACING,7.55,13.91,112.44,63.02,3.0,21120.0
Grand Soleil 46,8.37,14.07,118.88,66.04,3.0,24860.0
Grand Soleil 46 Jezequel,6.56,13.78,169.94,72.02000000000001,3.0,28600.0
Grand Soleil 46 LC,11.5,15.33,221.0,78.0,3.0,26510.0
Grand Soleil 47,8.53,14.11,176.54500000000002,118.25,3.0,24420.0
Grand Soleil 48 Ocean Cruiser,6.56,13.78,132.09,158.5,3.0,26056.6
Grand Soleil 50,7.58,15.0,122.0,77.0,3.0,27693.2
Grand Soleil 54,8.83,15.25,160.0,105.0,3.0,29329.8
Grand Soleil 56,9.35,15.85,158.5,110.95,3.0,30966.4
Grand Soleil 56 EXTREME,9.35,15.85,158.5,110.95,2.5,32603.0
Hallberg-Rassy 40,6.53,12.53,121.52,117.56,2.0,34239.6
Hallberg-Rassy 412,6.53,13.48,146.615,110.955,2.0,35876.2
Hallberg-Rassy 43,6.56,13.32,171.71,104.35,2.0,37512.8
Hallberg-Rassy 44,6.89,13.78,196.81,110.95,3.0,39149.4
Hallberg-Rassy 48,7.71,14.76,240.4,105.67,3.0,40786.0
Hallberg-Rassy 54,7.1850000000000005,15.42,186.26666666666668,84.44666666666667,3.0,35219.25
Hanse 385,6.66,12.73,132.13333333333333,63.223333333333336,3.0,29652.5
Hanse 388,5.42,12.83,78.0,42.0,2.0,24085.75
Hanse 400,6.5,13.25,79.25,36.98,3.0,18519.0
Hanse 400 Epoxy,6.5,13.25,85.86,31.7,3.0,18519.0
Hanse 400e,6.5,13.25,79.0,37.0,3.0,18739.0
Hanse 411,6.665,13.29,63.4,31.7,3.0,21341.0
Hanse 415,6.83,13.67,84.0,42.0,3.0,19621.0
Hanse 418,5.75,13.67,125.0,42.0,3.0,21605.0
Hanse 430,6.484999999999999,13.58,104.77000000000001,50.06,3.0,23810.0
Hanse 430e,7.22,13.71,84.54,58.12,3.0,24030.0
Hanse 445,7.35,14.34,450.0,220.0,3.0,24250.0
Hanse 455,7.25,14.33,119.0,58.0,3.0,25500.0
Hanse 461,7.55,14.67,105.0,66.04,3.0,26235.0
Hanse 470,8.53,14.63,105.67,66.04,3.0,27469.6
Hanse 470e,7.71,14.63,105.67,66.04,3.0,28704.2
Hanse 495,7.81,15.58,171.71,79.25,3.0,29938.8
Hanse 505,6.42,15.58,170.0,60.0,3.0,31173.4
Hanse 508,6.5,15.58,166.0,74.0,3.0,32408.0
Hanse 531,7.234999999999999,17.25,170.75,82.0,3.0,41226.0
Hanse 540,7.97,16.11,175.5,90.0,3.0,41226.0
Hanse 540e,7.97,16.11,180.25,98.0,3.0,41226.0
Hanse 545,8.0,16.08,185.0,106.0,3.0,41226.0
Hanse 548,7.25,16.58,203.0,137.0,4.0,43211.0
Hanse 575,9.33,17.0,214.0,138.0,3.3333333333333335,42990.0
Hanse 588,7.42,17.08,203.0,137.0,2.666666666666667,50265.0
Harmony 38,4.92,12.53,79.25,52.83,2.0,42108.0
Harmony 42 Elegance,6.4,13.09,133.41,55.48,3.0,33951.0
Harmony 47,6.89,13.0,104.205,45.239999999999995,3.0,25794.0
Hunter 38,5.945,12.08,75.0,35.0,2.857142857142857,17637.0
Hunter 380,5.0,12.58,75.0,35.5,2.7142857142857144,18069.0
Hunter 39,5.0,12.92,75.0,36.0,2.5714285714285716,18501.0
Hunter 40,7.0,13.17,90.0,50.0,2.428571428571429,18950.5
Hunter 41,5.0,13.25,100.0,36.0,2.2857142857142856,19400.0
Hunter 41 Aft Cockpit,6.5,13.25,100.12,35.93,2.142857142857143,19360.0
Hunter 41 Deck Salon,5.5,13.33,140.0,51.0,2.0,20885.333333333332
Hunter 41 DS,5.5,13.33,140.0,51.0,2.0,22410.666666666668
Hunter 44,5.0,14.5,140.0,51.0,2.0,23936.0
Hunter 44 Deck Salon,5.0,14.5,140.0,66.0,2.0,23936.0
Hunter 44 DS,5.0,14.5,140.0,66.0,2.0,23936.0
Hunter 45 Center Cockpit,5.0,14.5,149.0,76.0,2.0,22936.0
Hunter 45 DS,5.0,14.5,140.0,66.0,2.0,22936.0
Hunter 45cc,5.0,14.5,149.0,75.0,2.0,22936.0
Hunter 466,5.25,14.0,200.0,100.0,3.0,27874.5
Hunter 49,5.5,14.75,200.0,150.0,3.0,32813.0
Hunter 50,4.92,14.01,126.8,211.34,3.0,31656.533333333333
Hunter 50 Center Cockpit,5.5,14.75,192.0,162.0,2.0,30500.066666666666
Hunter AC 50,6.99,14.76,199.98,150.05,2.0,29343.6
Hunter M-H 40,7.0,13.17,90.0,50.0,2.0,28951.949999999997
Hunter OV,6.21,13.585,345.0,75.0,2.0,28560.3
Hunter Passage 456,5.42,14.0,600.0,100.0,2.0,28168.65
Hylas 46,6.5,13.75,140.0,180.0,2.125,27777.0
Hylas 49,6.33,14.25,200.0,195.0,2.25,39167.0
Island Packet 370,4.25,13.08,160.0,75.0,2.375,23800.0
Island Packet 420,4.83,14.25,250.0,160.0,2.5,28400.0
Island Packet 440,5.17,14.0,250.0,150.0,2.625,32000.0
Island Packet 445,5.0,14.4,260.0,160.0,2.75,31648.166666666668
Island Packet 465,5.0,14.4,280.0,230.0,2.875,31296.333333333332
Island Packet 485,5.25,15.33,300.0,300.0,3.0,30944.5
Island Packet SP Cruiser,3.67,12.75,130.0,215.0,2.0,30592.666666666668
J boats J 122,6.92,11.75,53.0,18.5,2.0,30240.833333333332
J Boats J 122,6.92,11.75,53.0,18.5,2.0,29889.0
Jeanneau 39i,4.75,12.58,94.0,34.0,2.0,29537.166666666668
Jeanneau 409,5.5,13.0,290.0,52.83,2.0,29185.333333333332
Jeanneau 42 DS,7.17,13.5,93.78,34.34,2.5,28833.5
Jeanneau 45 Sun Odyssey Performance,6.73,14.34,238.0,63.4,3.0,28481.666666666668
Jeanneau 469,7.33,14.75,162.0,63.0,3.0,28129.833333333332
Jeanneau 49i,7.0,14.75,162.0,63.0,3.0,27778.0
Jeanneau 509,5.42,15.33,80.0,63.0,3.0,26874.090909090908
Jeanneau 51,7.42,15.42,169.0,63.0,3.0,25970.18181818182
Jeanneau 53,5.83,15.58,251.0,63.0,3.0,25066.272727272728
Jeanneau Sun Odyessy 41DS,6.053333333333334,13.08,185.0,53.333333333333336,3.0,24162.363636363636
Jeanneau Sun Odyssey  42 DS,6.276666666666666,12.705,119.0,43.66666666666667,3.0,23258.454545454544
Jeanneau Sun Odyssey 389,6.5,12.33,53.0,34.0,3.0,22354.545454545456
Jeanneau Sun Odyssey 39 DS,6.56,12.73,93.78,34.34,2.0,21450.636363636364
Jeanneau Sun Odyssey 39i,6.5,12.75,94.0,34.0,2.0,20546.727272727272
Jeanneau Sun Odyssey 39i Performance,7.08,12.75,188.0,68.0,2.3333333333333335,19642.818181818184
Jeanneau Sun Odyssey 40,6.665,12.92,136.5,52.0,2.6666666666666665,18738.909090909092
Jeanneau Sun Odyssey 40.3,6.25,12.92,85.0,36.0,3.0,17835.0
Jeanneau SUN ODYSSEY 40.3,5.833333333333333,12.946666666666667,102.8,40.25,3.0,17730.5
Jeanneau Sun Odyssey 40.9,5.416666666666667,12.973333333333333,120.6,44.5,3.0,17626.0
Jeanneau Sun Odyssey 409,5.0,13.0,138.4,48.75,3.0,17521.5
Jeanneau Sun Odyssey 410,7.0,13.08,156.2,53.0,2.0,17417.0
Jeanneau Sun Odyssey 419,6.83,13.08,174.0,53.0,3.0,17328.0
Jeanneau Sun Odyssey 41DS,6.665,13.08,147.0,51.5,3.25,21902.75
Jeanneau Sun Odyssey 42,6.5,13.42,120.0,50.0,3.5,26477.5
Jeanneau Sun Odyssey 42 DS,7.17,13.5,93.78,34.34,3.75,31052.25
Jeanneau Sun Odyssey 42i,6.65,13.35,92.0,46.0,4.0,35627.0
Jeanneau Sun Odyssey 42i Performance,5.25,13.48,93.78,34.34,3.5,19003.6
Jeanneau Sun Odyssey 43 DS,6.5,13.67,146.0,53.0,3.0,19494.149999999998
Jeanneau Sun Odyssey 439,5.17,13.92,87.0,53.0,4.0,19984.699999999997
Jeanneau Sun Odyssey 44 DS,5.33,13.83,86.0,56.0,3.0,20475.25
Jeanneau Sun Odyssey 440,7.17,14.0,140.0,53.0,3.0,20965.8
Jeanneau Sun Odyssey 449,6.903333333333333,13.83,87.18,52.83,3.3333333333333335,21456.35
Jeanneau Sun Odyssey 44i,6.636666666666667,14.085,99.065,54.155,3.6666666666666665,21946.9
Jeanneau Sun Odyssey 45,6.37,14.34,110.95,55.48,4.0,22437.45
Jeanneau Sun Odyssey 45 DS,6.73,14.34,162.0,63.4,3.0,22928.0
Jeanneau Sun Odyssey 45 Performance,7.55,14.34,162.0,63.2,2.0,23343.285714285714
Jeanneau Sun Odyssey 469,7.33,14.75,162.0,63.0,3.0,23758.571428571428
Jeanneau Sun Odyssey 479,6.69,14.67,169.0,63.0,3.0,24173.85714285714
Jeanneau Sun Odyssey 48 DS,6.05,14.7,163.75,67.16499999999999,3.5,24589.14285714286
Jeanneau Sun Odyssey 49,5.41,14.73,158.5,71.33,4.0,25004.428571428572
Jeanneau Sun Odyssey 49 DS,6.73,14.47,161.14249999999998,69.3475,4.25,25419.714285714286
Jeanneau Sun Odyssey 49 Owners version,6.8933333333333335,14.556666666666667,163.785,67.365,4.5,25835.0
Jeanneau Sun Odyssey 49 Owners Version,7.056666666666667,14.643333333333334,166.4275,65.3825,4.75,26250.285714285714
Jeanneau Sun Odyssey 490,7.220000000000001,14.73,169.07,63.4,5.0,26665.571428571428
Jeanneau Sun Odyssey 49DS,7.383333333333334,14.73,151.8025,63.4,4.5,27080.857142857145
Jeanneau Sun Odyssey 49i,7.546666666666667,14.73,134.535,63.4,4.0,27496.142857142855
Jeanneau Sun Odyssey 49i Performance,7.71,14.73,117.2675,63.4,3.5,27911.428571428572
Jeanneau Sun Odyssey 50 DS,7.08,14.67,100.0,126.0,3.0,28326.714285714286
Jeanneau Sun Odyssey 509,5.42,15.33,80.0,63.0,3.0,28742.0
Jeanneau Sun Odyssey 519,5.67,13.33,163.0,126.0,4.0,29157.285714285714
Jeanneau Sun Odyssey 53,6.585,14.665,337.5,171.0,3.5,29572.571428571428
Jeanneau Sun Odyssey 54 DS,7.5,16.0,512.0,216.0,3.0,29987.857142857145
Malo 40,7.398,15.254999999999999,450.9342857142857,191.93571428571428,3.0,30403.142857142855
Malo 40 classic,7.296,14.51,389.86857142857144,167.87142857142857,3.0,30818.428571428572
Malo 40 Classic MK Il,7.194,13.765,328.80285714285714,143.80714285714288,3.0,31233.714285714286
Malo 43 Classic,7.0920000000000005,13.02,267.7371428571429,119.74285714285715,3.0,31649.0
Malo 46,6.99,13.52,206.67142857142858,95.67857142857143,3.0,32064.285714285714
Maxi 1200,7.1850000000000005,12.995000000000001,145.60571428571427,71.61428571428573,3.0,32479.571428571428
Maxi 1300,7.38,12.47,84.54,47.55,3.0,32894.857142857145
Moody 45 Classic,6.9399999999999995,13.695,147.94,103.025,2.6666666666666665,33310.142857142855
Moody 45 DS,6.5,14.92,211.34,158.5,2.3333333333333335,33725.42857142857
Moody 45 DS e,6.54,14.67,175.17000000000002,167.25,2.0,34140.71428571429
Moody 49,6.58,14.42,139.0,176.0,1.6666666666666667,34556.0
Moody 54,7.5,15.92,252.0,180.0,1.3333333333333335,44132.0
Morris M42,5.75,11.25,50.0,40.0,1.0,42893.5
Morris M42X,5.79,12.54,85.0,320.0,1.5,41655.0
Morris Ocean Series 48,5.83,13.83,120.0,600.0,2.0,40416.5
Najad 380,6.359999999999999,13.525,119.39,472.125,2.0,39178.0
Najad 440 CC,6.89,13.22,118.78,344.25,2.0,37939.5
Najad 505,6.48,15.0,118.17,216.375,2.0,36701.0
Nauticat 385,6.07,11.81,117.56,88.5,2.0,35462.5
Nauticat 42,5.95,11.99,113.78,244.25,2.0,34224.0
Nauticat 44,5.83,12.17,110.0,400.0,2.0,32985.5
Nauticat 441,6.07,12.3,163.79,221.0,2.0,31747.0
Nauticat 441 Ketch,6.3149999999999995,13.385000000000002,145.31,160.03,2.0,29762.833333333332
Nautor Swan 46,6.56,14.47,126.83,99.06,2.0,27778.666666666668
Nautor Swan 50,11.48,13.78,105.68666666666667,81.01,2.5,25794.5
Nautor Swan 54,8.01,15.58,84.54333333333332,62.96,3.0,23810.333333333332
Nautor Swan ClubSwan 50,11.48,13.78,63.4,44.91,2.0,21826.166666666664
Nordship 380DS,5.91,12.3,99.33,52.83,1.0,19842.0
Nordship DSC 38,6.58,13.15,133.935,99.06,1.4,27144.75
Oyster 46,7.25,14.0,168.54000000000002,145.29000000000002,1.8,34447.5
Oyster 475,7.25,14.625,203.145,191.51999999999998,2.2,41750.25
Oyster 53,7.25,15.25,237.75,237.75,2.6,49053.0
Oyster 54,7.97,15.58,198.13,224.55,3.0,45856.25
Oyster 545,6.984999999999999,15.58,396.26,449.1,3.0,42659.5
Passport 470,6.0,14.17,150.0,160.0,2.0,39462.75
Passport 470 Center Cockpit,6.0,14.585,175.0,191.5,2.0,36266.0
Passport 545 Aft Cockpit,6.0,15.0,200.0,223.0,2.0,33069.25
Passport Vista 515 Center Cockpit,6.0,15.25,225.0,254.5,2.0,29872.5
Passport Vista 545 Center Cockpit,6.0,15.5,250.0,286.0,2.0,26675.75
Poncin HARMONY 47,7.05,13.94,133.0,53.0,2.0,23479.0
Poncin harmony 52,6.07,15.09,264.0,127.0,2.0,29762.0
RM Yachts 1260,8.2,14.44,106.0,34.0,2.0,29500.8
RM Yachts rm 12.60,7.4366666666666665,14.27,211.0,34.34,2.0,29239.6
RM Yachts RM 12.70,6.673333333333333,14.09,182.93333333333334,36.10333333333334,2.3333333333333335,28978.4
RM Yachts RM 1200,5.91,13.91,154.86666666666667,37.86666666666667,2.6666666666666665,28717.2
RM Yachts RM 1270,7.38,14.27,126.8,39.63,3.0,28456.0
Rustler 42,6.17,13.33,117.86666666666666,39.75333333333334,2.6666666666666665,28194.8
Rustler 44,5.836666666666667,12.95,108.93333333333334,39.876666666666665,2.3333333333333335,27933.6
Sabre 386,5.503333333333333,12.57,100.0,40.0,2.0,27672.4
Sabre 426,5.17,13.42,120.0,60.0,2.0,27411.2
Sabre 456 MK II,5.5,14.08,200.0,100.0,2.5,27150.0
Salona 38,6.89,11.88,84.54,40.15,3.0,21825.0
Salona 40,7.74,13.12,132.09,68.68,3.0,16500.0
Salona 42,7.48,12.53,93.785,73.965,3.0,16368.0
Salona 44,8.37,13.75,55.48,79.25,4.0,16236.0
Salona 45,8.37,13.78,56.36,72.20666666666666,3.5,16104.0
Salona S380,7.535,12.0,57.239999999999995,65.16333333333333,3.0,15972.0
Salona S41,6.7,12.8,58.12,58.12,2.5,15840.0
ShearWater 39,7.449999999999999,12.83,52.84,118.88,2.0,21600.0
Sly 42,8.2,12.14,84.54,44.91,3.0,21152.0
Sly 47,9.84,13.12,132.09,27.47,3.0,20704.0
Sly 48C,9.84,13.78,145.445,56.005,3.0,20256.0
Sly 53,9.84,14.44,158.8,84.54,3.0,19808.0
Solaris 42,2.25,3.99,350.0,220.0,3.0,19360.0
Solaris 44,5.0600000000000005,13.75,241.04500000000002,149.625,3.0,23789.5
Solaris 48,7.87,14.34,132.09,79.25,3.0,28219.0
Solaris 48 ONE,8.69,14.44,132.09,79.25,3.0,28660.0
Solaris 50,9.19,14.93,118.88,73.97,4.0,31967.0
Solaris One 44,8.53,13.71,100.39,58.12,3.0,22265.0
Southerly 135,9.71,13.52,143.97,95.1,3.0,12563.0
Southerly 38,2.9,13.1,59.44,60.76,2.0,21780.0
Southerly 42 RST,2.1,13.3,71.06,78.99,3.0,24948.0
Southerly 420,8.11,13.3,117.0,63.0,3.0,26000.0
Southerly 48,10.2,14.6,106.0,175.0,3.0,41867.0
Southerly 535,3.2,15.9,211.34,237.75,3.0,51260.0
Sunbeam 39,4.655,14.5,167.22,173.69,3.0,37180.0
Sunbeam 42.1,6.11,13.1,123.1,109.63,3.0,23100.0
Sunbeam 53,7.87,14.93,145.29,224.55,3.0,43560.0
Sweden Yachts 42,7.46,12.83,149.85999999999999,187.16250000000002,3.0,41753.333333333336
Sweden Yachts 45,7.05,13.06,154.43,149.775,3.0,39946.666666666664
Sweden Yachts 54,7.8,14.1,159.0,112.3875,2.6666666666666665,38140.0
Tartan 4000,6.25,12.0,120.0,75.0,2.3333333333333335,18854.0
Tartan 4300,5.67,13.5,240.0,200.0,2.0,23800.0
Tartan 4400,5.91,14.07,200.77,79.5,3.0,29400.0
Tayana 48,6.0,14.6,500.0,150.0,2.0,35000.0
Tayana 52 DS,6.5,15.08,370.0,237.5,2.0,34934.28571428572
Tayana Pilothouse,6.0,13.58,240.0,325.0,3.0,34868.57142857143
Tofinou 12,7.92,10.5,193.46333333333334,240.44333333333333,3.0,34802.857142857145
Tofinou 16,8.75,14.08,146.92666666666668,155.88666666666666,3.0,34737.142857142855
Triplast Y 40,6.56,13.45,100.39,71.33,3.0,34671.42857142857
Van De Stadt Beluga 46,6.904999999999999,13.125,105.67,91.14,2.6666666666666665,34605.71428571428
Van De Stadt Norman 41,7.25,12.8,110.95,110.95,2.3333333333333335,34540.0
Van De Stadt Stainless Steel Cutter,6.56,15.09,396.26,237.75,2.0,32074.0
Vismara 52 Carbon,7.1066666666666665,14.98,334.62,184.91666666666666,2.3333333333333335,29608.0
Vismara 54,7.653333333333332,14.87,272.98,132.08333333333331,2.6666666666666665,27142.0
Vismara V50,8.2,14.76,211.34,79.25,3.0,24676.0
Vismara V50 DS,9.02,15.09,171.715,92.46000000000001,3.0,22210.0
Vismara V50 Mills,9.84,15.42,132.09,105.67,3.0,19744.0
Vismara V52,10.5,13.71,158.5,105.67,3.0,17278.0
Wauquiez Centurion 40s,7.67,12.58,208.0,58.0,2.0,14812.0
Wauquiez Opium 39,7.05,13.71,79.0,29.0,2.0,12346.0
Wauquiez Pilot Saloon 40,5.42,13.25,208.0,116.0,2.0,22075.0
Wauquiez Pilot Saloon 41,5.91,13.25,58.12,58.12,2.0,22000.0
Wauquiez Pilot Saloon 42,7.05,13.91,109.63,109.63,2.0,26435.0
Wauquiez Pilot Saloon 47,7.05,15.16,159.0,159.0,2.25,30870.0
Wauquiez Pilot Saloon 48,7.71,15.12,162.47,171.71,2.5,23647.5
X-Yachts 40,7.75,12.42,107.65,97.745,2.75,16425.0
X-Yachts 41,8.2,11.94,52.83,23.78,3.0,14991.0
X-Yachts 50,9.84,14.04,118.89,63.7,3.0,15277.8
X-Yachts X 4.3,9.283333333333333,13.0,110.92666666666666,67.13333333333334,3.0,15564.6
X-Yachts X4,8.726666666666667,12.96,102.96333333333334,70.56666666666666,3.0,15851.4
X-Yachts X4.6,8.17,14.0,95.0,74.0,3.0,16138.2
X-Yachts X-40,7.75,12.42,73.91499999999999,48.89,3.0,16425.0
X-Yachts X-41 One Design,8.2,11.94,52.83,23.78,3.0,14991.0
X-Yachts X-43,8.2,12.78,76.61,38.305,3.0,18063.25
X-Yachts X-46,7.87,13.62,100.39,52.83,3.0,21135.5
X-Yachts X-50,9.84,14.04,118.89,63.4,3.0,24207.75
X-Yachts X-50 Modern,10.17,14.05,129.71,105.67,3.0,27280.0
X-Yachts X-55,10.5,15.0,114.385,79.25,2.5,26564.333333333332
X-Yachts Xc 38,6.5,12.5,99.06,52.83,2.0,25848.666666666668
X-Yachts Xc 42,5.58,16.77,137.37,66.04,3.0,25133.0
X-Yachts Xc 50,7.9,15.1,213.0,162.0,3.0,35461.0
X-Yachts Xp 38,13.42,13.16,260.0,175.0,3.0,14936.0
X-Yachts Xp 44,7.55,13.35,92.46,52.83,3.0,20228.0
X-Yachts XP50,7.71,15.0,125.47999999999999,114.47,3.0,25520.0
Zuanelli 40,7.87,12.8,158.5,176.11,3.0,35310.0
Zuanelli 52 DH,8.3,14.86,250.96,237.75,3.0,45100.0
