Variant,vscore
Alubat Ovni 395,261722.23769259857
Bavaria 38 Cruiser,85365.29911170724
Bavaria 38 Cruiser,85365.29911170724
Bavaria 38 Cruiser,85365.29911170724
Bavaria 38 Cruiser,85365.29911170724
Bavaria 38 Cruiser,85365.29911170724
Bavaria 39 Cruiser,96535.3326405536
Bavaria 42 Match,72607.56269593381
Bavaria 42 Match,72607.56269593381
Bavaria 42 Cruiser,121674.80664332857
Bavaria 42 Cruiser,121674.80664332857
Bavaria 42 Cruiser,121674.80664332857
Bavaria 42 Cruiser,121674.80664332857
Bavaria Cruiser 46,133164.89303377052
Bavaria Cruiser 46,133164.89303377052
Bavaria Cruiser 46,133164.89303377052
Bavaria Cruiser 46,133164.89303377052
Bavaria Cruiser 46,133164.89303377052
Bavaria Cruiser 46,133164.89303377052
Bavaria Cruiser 46,133164.89303377052
Bavaria Cruiser 46,133164.89303377052
Bavaria Cruiser 46,133164.89303377052
Bavaria Cruiser 46,133164.89303377052
Bavaria Cruiser 46,133164.89303377052
Bavaria Cruiser 46,133164.89303377052
Bavaria Cruiser 46,133164.89303377052
Bavaria 50 Cruiser,156372.6918812793
Bavaria 50 Cruiser,156372.6918812793
Bavaria 50 Cruiser,156372.6918812793
Bavaria 50 Cruiser,156372.6918812793
Bavaria 49 Cruiser,146507.21053333208
Bavaria 49 Cruiser,146507.21053333208
Beneteau First 40.7,153291.15390212028
Beneteau Cyclades 39.3,101333.33234310521
Beneteau Cyclades 39.3,101333.33234310521
Beneteau First 40.7,153291.15390212028
Beneteau Cyclades 39.3,101333.33234310521
Beneteau Cyclades 39.3,101333.33234310521
Beneteau Cyclades 39.3,101333.33234310521
Beneteau Cyclades 39.3,101333.33234310521
Beneteau Cyclades 39.3,101333.33234310521
Beneteau Cyclades 39.3,101333.33234310521
Beneteau Cyclades 39.3,101333.33234310521
Beneteau Oceanis 423,168735.0104445273
Beneteau Cyclades 43.3,119692.1116347974
Beneteau Cyclades 43.3,119692.1116347974
Beneteau Cyclades 43.3,119692.1116347974
Beneteau Oceanis Clipper 423,126992.98054479933
Beneteau Oceanis Clipper 423,126992.98054479933
Beneteau Oceanis Clipper 423,126992.98054479933
Beneteau Oceanis 423,168735.0104445273
Beneteau Oceanis 43,131140.51782078217
Beneteau Oceanis Clipper 423,126992.98054479933
Beneteau Cyclades 43.3,119692.1116347974
Beneteau First 44.7,166368.2695502207
Beneteau First 44.7,166368.2695502207
Beneteau First 44.7,166368.2695502207
Beneteau First 44.7,166368.2695502207
Beneteau First 44.7,166368.2695502207
Beneteau Oceanis Clipper 473,163461.34952810005
Beneteau Oceanis 473,205480.29975333376
Beneteau First 47.7,150092.32510996517
Beneteau Oceanis Clipper 473,163461.34952810005
Beneteau Oceanis 473,205480.29975333376
Beneteau Oceanis 473,205480.29975333376
Beneteau Oceanis 523,312256.9966051786
Beneteau Oceanis Clipper 523,236791.5558241554
Beneteau Oceanis Clipper 523,236791.5558241554
Beneteau Oceanis 523,312256.9966051786
Beneteau 56,458563.03853002505
Beneteau Cyclades 50.5,169633.52267042478
C&C 121,217589.91801065183
Cabo Rico 42,337686.2034913809
Caliber 40 LRC SE,304790.63691053994
Catalina 387,164622.66623134847
Catalina 42 MK II,185371.9119339823
Catalina 42 Mk II,165698.57648278552
Catalina 42 MK II,185371.9119339823
Catalina Morgan 440,231812.63812604977
Catalina Morgan 440,231812.63812604977
Catalina Morgan 440,231812.63812604977
Comar Comet 41S,150506.2750253866
Comar Comet 45s,174609.3602785458
Comar Comet 51S,235859.70425789556
Comar Comet 52 RS,294547.8598502463
Dehler 41 CR,197091.10914129566
Delphia 40,129747.5170581135
Dufour 385,99701.50582345606
Dufour 385 GL,106060.86510670555
Dufour 385,99701.50582345606
Dufour 40,114212.93619581286
Dufour 44,178681.45149260864
Dufour 44,178681.45149260864
Dufour 44 Performance,153368.38144862573
Dufour 455,165678.85026274854
Dufour 455 GL,158804.7887159619
Elan Impression 434,151970.76340046254
Elan Impression 434,151970.76340046254
Grand Soleil 43,216910.91229102973
Grand Soleil 45 RACING,264448.8306405391
Grand Soleil 50,320553.26407024096
Grand Soleil 50,320553.26407024096
Hallberg-Rassy 40,375975.5047289978
Hallberg-Rassy 43,406212.2609496942
Hanse 411,118739.00399385473
Hanse 411,118739.00399385473
Hanse 411,118739.00399385473
Hanse 411,118739.00399385473
Hanse 411,118739.00399385473
Hanse 461,208709.46499671414
Hanse 461,208709.46499671414
Hanse 461,208709.46499671414
Hanse 461,208709.46499671414
Hanse 531,284445.7385014396
Hanse 531,284445.7385014396
Hanse 531,284445.7385014396
Hanse 531,284445.7385014396
Harmony 42 Elegance,97991.95496347742
Hunter 38,118150.35943801019
Hunter 38,118150.35943801019
Hunter 38,118150.35943801019
Hunter 41 DS,146477.8933270125
Hunter 41 DS,146477.8933270125
Hunter 41 Deck Salon,109230.48430009795
Hunter 41 Aft Cockpit,146982.04845608657
Hunter 41 DS,146477.8933270125
Hunter 44 DS,184412.54964152363
Hunter 44,184872.91486444348
Hunter 44,184872.91486444348
Hunter 44 DS,184412.54964152363
Hunter Passage 456,167693.69019209238
Hunter 466,198878.8325786921
Hylas 49,547186.2762935363
Island Packet 370,199937.95062201048
Island Packet 420,345105.3768305447
Island Packet 420,345105.3768305447
J Boats J 122,232390.75295789418
Jeanneau Sun Odyssey 40.3,130676.2957163176
Jeanneau Sun Odyssey 40.3,130676.2957163176
Jeanneau Sun Odyssey 40.3,130676.2957163176
Jeanneau Sun Odyssey 40,121486.72355775902
Jeanneau Sun Odyssey 40.3,130676.2957163176
Jeanneau Sun Odyssey 40.3,130676.2957163176
Jeanneau SUN ODYSSEY 40.3,142945.63191321728
Jeanneau Sun Odyssey 43 DS,198234.0628748997
Jeanneau Sun Odyssey 43 DS,198234.0628748997
Jeanneau Sun Odyssey 45,143381.75232612216
Jeanneau Sun Odyssey 45,143381.75232612216
Jeanneau Sun Odyssey 45,143381.75232612216
Jeanneau Sun Odyssey 45,143381.75232612216
Jeanneau Sun Odyssey 45,143381.75232612216
Jeanneau Sun Odyssey 49 DS,251720.2017941243
Jeanneau Sun Odyssey 49 DS,251720.2017941243
Jeanneau Sun Odyssey 49 DS,251720.2017941243
Jeanneau Sun Odyssey 49,215182.30566042423
Jeanneau Sun Odyssey 49,215182.30566042423
Jeanneau Sun Odyssey 49,215182.30566042423
Jeanneau Sun Odyssey 49,215182.30566042423
Jeanneau Sun Odyssey 49,215182.30566042423
Jeanneau Sun Odyssey 49,215182.30566042423
Jeanneau Sun Odyssey 49,215182.30566042423
Jeanneau Sun Odyssey 49,215182.30566042423
Jeanneau Sun Odyssey 49,215182.30566042423
Jeanneau Sun Odyssey 54 DS,320833.2607601433
Jeanneau Sun Odyssey 54 DS,320833.2607601433
Jeanneau Sun Odyssey 54 DS,320833.2607601433
Jeanneau Sun Odyssey 54 DS,320833.2607601433
Jeanneau Sun Odyssey 54 DS,320833.2607601433
Jeanneau Sun Odyssey 54 DS,320833.2607601433
Jeanneau Sun Odyssey 54 DS,320833.2607601433
Jeanneau Sun Odyssey 49,215182.30566042423
Malo 43 Classic,413111.34639202425
Malo 46,462632.1757041186
Moody 49,478886.1072755796
Morris Ocean Series 48,563686.1586106122
Najad 380,274377.47389773687
Nauticat 385,360685.00324775965
Nauticat 44,378819.4577450237
Poncin HARMONY 47,136611.21523459305
Salona 40,141551.12648951463
Salona 45,136625.73376190805
Salona 45,136625.73376190805
Salona 45,136625.73376190805
Salona 45,136625.73376190805
ShearWater 39,260913.89567456883
Sunbeam 39,219469.26413862914
Sunbeam 53,470308.4279225258
Sweden Yachts 42,195905.06447261892
Tartan 4400,375972.3858923067
Tartan 4400,375972.3858923067
Van De Stadt Beluga 46,350167.96107760706
Wauquiez Centurion 40s,179841.76804176986
Wauquiez Centurion 40s,179841.76804176986
Wauquiez Centurion 40s,179841.76804176986
Wauquiez Centurion 40s,179841.76804176986
Wauquiez Centurion 40s,179841.76804176986
Wauquiez Centurion 40s,179841.76804176986
Wauquiez Pilot Saloon 40,198694.07532002422
X-Yachts 40,235919.7209470169
X-Yachts X-50,434277.3950842522
Alliage 44,404545.82849766273
Amel 54,568748.8235149035
Bavaria 39 Cruiser,96535.3326405536
Bavaria 39 Cruiser,96535.3326405536
Bavaria 39 Cruiser,96535.3326405536
Bavaria 39 Cruiser,96535.3326405536
Bavaria 39 Cruiser,96535.3326405536
Bavaria 39 Cruiser,96535.3326405536
Bavaria 39 Cruiser,96535.3326405536
Bavaria 39 Cruiser,96535.3326405536
Bavaria 39 Cruiser,96535.3326405536
Bavaria 39 Cruiser,96535.3326405536
Bavaria 42 Match,72607.56269593381
Bavaria 42 Match,72607.56269593381
Bavaria 42 Cruiser,121674.80664332857
Bavaria 42 Cruiser,121674.80664332857
Bavaria 42 Cruiser,121674.80664332857
Bavaria 42 Cruiser,121674.80664332857
Bavaria 42 Cruiser,121674.80664332857
Bavaria Cruiser 46,133164.89303377052
Bavaria Cruiser 46,133164.89303377052
Bavaria Cruiser 46,133164.89303377052
Bavaria Cruiser 46,133164.89303377052
Bavaria Cruiser 46,133164.89303377052
Bavaria Cruiser 46,133164.89303377052
Bavaria Cruiser 46,133164.89303377052
Bavaria Cruiser 46,133164.89303377052
Bavaria Cruiser 46,133164.89303377052
Bavaria Cruiser 46,133164.89303377052
Bavaria Cruiser 50,243908.36830849564
Bavaria 50 Cruiser,156372.6918812793
Bavaria 50 Cruiser,156372.6918812793
Bavaria 50 Cruiser,156372.6918812793
Bavaria 50 Cruiser,156372.6918812793
Bavaria 50 Cruiser,156372.6918812793
Bavaria 50 Cruiser,156372.6918812793
Bavaria 50 Cruiser,156372.6918812793
Bavaria 50 Cruiser,156372.6918812793
Beneteau Cyclades 39.3,101333.33234310521
Beneteau Cyclades 39.3,101333.33234310521
Beneteau Cyclades 39.3,101333.33234310521
Beneteau Cyclades 39.3,101333.33234310521
Beneteau First 40.7,153291.15390212028
Beneteau Cyclades 39.3,101333.33234310521
Beneteau Cyclades 39.3,101333.33234310521
Beneteau Cyclades 39.3,101333.33234310521
Beneteau Cyclades 39.3,101333.33234310521
Beneteau 423,142393.34590174124
Beneteau Cyclades 43.4,112252.21706136095
Beneteau Cyclades 43.4,112252.21706136095
Beneteau Cyclades 43.4,112252.21706136095
Beneteau Cyclades 43.4,112252.21706136095
Beneteau Oceanis 423,168735.0104445273
Beneteau Oceanis Clipper 423,126992.98054479933
Beneteau Oceanis Clipper 423,126992.98054479933
Beneteau Cyclades 43.3,119692.1116347974
Beneteau Oceanis 423,168735.0104445273
Beneteau Oceanis 423,168735.0104445273
Beneteau Oceanis 423,168735.0104445273
Beneteau Oceanis 423,168735.0104445273
Beneteau Oceanis 423,168735.0104445273
Beneteau Oceanis Clipper 423,126992.98054479933
Beneteau 423,142393.34590174124
Beneteau Oceanis 423,168735.0104445273
Beneteau First 44.7,166368.2695502207
Beneteau First 44.7,166368.2695502207
Beneteau First 44.7,166368.2695502207
Beneteau First 44.7,166368.2695502207
Beneteau Oceanis 473,205480.29975333376
Beneteau Oceanis 473,205480.29975333376
Beneteau Oceanis 473,205480.29975333376
Beneteau Oceanis 473,205480.29975333376
Beneteau Oceanis 473,205480.29975333376
Beneteau Oceanis 473,205480.29975333376
Beneteau Oceanis Clipper 473,163461.34952810005
Beneteau Oceanis Clipper 473,163461.34952810005
Beneteau First 50,285135.09341641294
Beneteau Oceanis 50,209996.58644227745
Beneteau Oceanis 50,209996.58644227745
Beneteau Oceanis 50,209996.58644227745
Beneteau Oceanis 50,209996.58644227745
Beneteau Oceanis 50,209996.58644227745
Beneteau Oceanis 50,209996.58644227745
Beneteau Oceanis 50,209996.58644227745
Beneteau Oceanis 50,209996.58644227745
Beneteau Oceanis 50,209996.58644227745
Beneteau Oceanis 50,209996.58644227745
Beneteau Cyclades 50.5,169633.52267042478
Beneteau Cyclades 50.5,169633.52267042478
Beneteau Oceanis 51,156946.4428270497
Beneteau Cyclades 50.5,169633.52267042478
Beneteau 523,343635.686008888
Beneteau Oceanis Clipper 523,236791.5558241554
Beneteau Oceanis Clipper 523,236791.5558241554
Beneteau Oceanis 523 A,219169.4972969277
Beneteau Oceanis 523,312256.9966051786
Beneteau Oceanis 523,312256.9966051786
C&C 115,154430.50683867917
C&C 115,154430.50683867917
C&C 115,154430.50683867917
Cabo Rico 42,337686.2034913809
Catalina 387,164622.66623134847
Catalina 387,164622.66623134847
Catalina 400 MK II,163721.10942390063
Catalina 42 MK II,185371.9119339823
Catalina Morgan 440,231812.63812604977
Catalina Morgan 440 DS Sloop,225822.21989503547
Comar Comet 41S,150506.2750253866
Comar Comet 41S,150506.2750253866
Delphia 40,129747.5170581135
Delphia 40,129747.5170581135
Dufour 385 GL,106060.86510670555
Dufour 40 Performance,124827.68052495606
Dufour 44 Performance,153368.38144862573
Dufour 455,165678.85026274854
Dufour 455 GL,158804.7887159619
Dufour 455,165678.85026274854
Dufour 455 GL,158804.7887159619
Elan Impression 384,95388.23879761409
Elan Impression 384,95388.23879761409
Elan Impression 384,95388.23879761409
Elan Impression 384,95388.23879761409
Elan 434 Impression,108192.888429363
Elan Impression 434,151970.76340046254
Elan Impression 434,151970.76340046254
Elan Impression 434,151970.76340046254
Elan Impression 434,151970.76340046254
Grand Soleil 40,129105.22027860433
Grand Soleil 40,129105.22027860433
Grand Soleil 43,216910.91229102973
Grand Soleil 45,206162.18825868904
Grand Soleil 45,206162.18825868904
Grand Soleil 45,206162.18825868904
Grand Soleil 45,206162.18825868904
Grand Soleil 45,206162.18825868904
Grand Soleil 50,320553.26407024096
Grand Soleil 50,320553.26407024096
Hanse 400,121953.61458461673
Hanse 400,121953.61458461673
Hanse 400e,133707.9646573343
Hanse 400e,133707.9646573343
Hanse 400,121953.61458461673
Hanse 411,118739.00399385473
Hanse 461,208709.46499671414
Hanse 461,208709.46499671414
Hanse 461,208709.46499671414
Hanse 461,208709.46499671414
Hanse 461,208709.46499671414
Hanse 470e,219978.26295188538
Hanse 540e,297170.6389012392
Hanse 531,284445.7385014396
Hanse 531,284445.7385014396
Harmony 38,75141.21455897356
Harmony 47,93251.02748345594
Hunter 380,123073.1098427943
Hunter 38,118150.35943801019
Hunter 38,118150.35943801019
Hunter 38,118150.35943801019
Hunter 38,118150.35943801019
Hunter 38,118150.35943801019
Hunter 38,118150.35943801019
Hunter 38,118150.35943801019
Hunter 38,118150.35943801019
Hunter 38,118150.35943801019
Hunter 41,135493.33193702126
Hunter 41 DS,146477.8933270125
Hunter 41 Deck Salon,109230.48430009795
Hunter 41 DS,146477.8933270125
Hunter 41 DS,146477.8933270125
Hunter 41 DS,146477.8933270125
Hunter 41 DS,146477.8933270125
Hunter 44,184872.91486444348
Hunter 44 Deck Salon,179528.66481655318
Hunter 44 DS,184412.54964152363
Hunter 45 Center Cockpit,208316.6811834943
Hunter 45 Center Cockpit,208316.6811834943
Hunter 45cc,213012.60712569964
Island Packet 440,394678.97855540446
Island Packet 445,315981.17663257854
Island Packet 445,315981.17663257854
Island Packet 440,394678.97855540446
Island Packet 440,394678.97855540446
Island Packet 485,561969.0812362256
J Boats J 122,232390.75295789418
Jeanneau Sun Odyssey 40.3,130676.2957163176
Jeanneau Sun Odyssey 40.3,130676.2957163176
Jeanneau Sun Odyssey 40.3,130676.2957163176
Jeanneau Sun Odyssey 40.3,130676.2957163176
Jeanneau Sun Odyssey 40.3,130676.2957163176
Jeanneau Sun Odyssey 40.3,130676.2957163176
Jeanneau Sun Odyssey 40.3,130676.2957163176
Jeanneau Sun Odyssey 42 DS,169388.07342358647
Jeanneau Sun Odyssey 42 DS,169388.07342358647
Jeanneau Sun Odyssey 42 DS,169388.07342358647
Jeanneau Sun Odyssey 43 DS,198234.0628748997
Jeanneau Sun Odyssey 45,143381.75232612216
Jeanneau Sun Odyssey 45,143381.75232612216
Jeanneau Sun Odyssey 45,143381.75232612216
Jeanneau Sun Odyssey 45,143381.75232612216
Jeanneau Sun Odyssey 45,143381.75232612216
Jeanneau Sun Odyssey 45,143381.75232612216
Jeanneau Sun Odyssey 45,143381.75232612216
Jeanneau Sun Odyssey 45,143381.75232612216
Jeanneau Sun Odyssey 45,143381.75232612216
Jeanneau Sun Odyssey 48 DS,233169.34581932038
Jeanneau Sun Odyssey 49 DS,251720.2017941243
Jeanneau Sun Odyssey 49 DS,251720.2017941243
Jeanneau Sun Odyssey 49 DS,251720.2017941243
Jeanneau Sun Odyssey 49 DS,251720.2017941243
Jeanneau Sun Odyssey 49 Owners version,285289.1141710946
Jeanneau Sun Odyssey 49,215182.30566042423
Jeanneau Sun Odyssey 49 DS,251720.2017941243
Jeanneau Sun Odyssey 49,215182.30566042423
Jeanneau Sun Odyssey 49,215182.30566042423
Jeanneau Sun Odyssey 49 DS,251720.2017941243
Jeanneau Sun Odyssey 54 DS,320833.2607601433
Jeanneau Sun Odyssey 54 DS,320833.2607601433
Jeanneau Sun Odyssey 54 DS,320833.2607601433
Najad 440 CC,466440.3116375936
Nordship DSC 38,226302.09211231238
Oyster 46,563426.4386381136
Passport 470,552135.3276433616
Passport Vista 515 Center Cockpit,716985.5481667375
Sabre 386,220171.0188421622
Sabre 426,326479.7977852466
Sabre 426,326479.7977852466
Tayana 48,435836.8843974184
Wauquiez Centurion 40s,179841.76804176986
Wauquiez Pilot Saloon 41,200670.7584829646
Wauquiez Pilot Saloon 41,200670.7584829646
Wauquiez Pilot Saloon 47,323336.9728310275
X-Yachts X-40,205614.9651322756
X-Yachts X-40,205614.9651322756
X-Yachts X-43,235902.9237911499
X-Yachts X-50,434277.3950842522
X-Yachts 50,404457.7578319038
X-Yachts X-50,434277.3950842522
Zuanelli 52 DH,390884.71330511256
Allures 44,359102.9966318927
Alubat Ovni 395,261722.23769259857
Alubat CIGALE 16,387312.6137998755
Amel 54,568748.8235149035
Archambault 40 RC,143160.06680042762
Bavaria 39 Cruiser,96535.3326405536
Bavaria 39 Cruiser,96535.3326405536
Bavaria 39 Cruiser,96535.3326405536
Bavaria 39 Cruiser,96535.3326405536
Bavaria 39 Cruiser,96535.3326405536
Bavaria 39 Cruiser,96535.3326405536
Bavaria 39 Cruiser,96535.3326405536
Bavaria 39 Cruiser,96535.3326405536
Bavaria 39 Cruiser,96535.3326405536
Bavaria 39 Cruiser,96535.3326405536
Bavaria 44 Vision,173177.72409444838
Bavaria 44 Vision,173177.72409444838
Bavaria 44 Vision,173177.72409444838
Bavaria Cruiser 46,133164.89303377052
Bavaria Cruiser 46,133164.89303377052
Bavaria Cruiser 46,133164.89303377052
Bavaria 46 Cruiser,142825.25090019315
Bavaria Cruiser 46,133164.89303377052
Bavaria Cruiser 46,133164.89303377052
Bavaria Cruiser 46,133164.89303377052
Bavaria 50 Cruiser,156372.6918812793
Bavaria 50 Cruiser,156372.6918812793
Bavaria 50 Cruiser,156372.6918812793
Bavaria 50 Cruiser,156372.6918812793
Bavaria 50 Cruiser,156372.6918812793
Bavaria 50 Cruiser,156372.6918812793
Bavaria 50 Cruiser,156372.6918812793
Bavaria 50 Cruiser,156372.6918812793
Bavaria 50 Cruiser,156372.6918812793
Bavaria 50 Cruiser,156372.6918812793
Bavaria Cruiser 46,133164.89303377052
Bavaria Cruiser 50,243908.36830849564
Beneteau Cyclades 39.3,101333.33234310521
Beneteau Cyclades 39.3,101333.33234310521
Beneteau Cyclades 39.3,101333.33234310521
Beneteau Cyclades 39.3,101333.33234310521
Beneteau Cyclades 39.3,101333.33234310521
Beneteau Cyclades 39.3,101333.33234310521
Beneteau Cyclades 39.3,101333.33234310521
Beneteau First 40.7,153291.15390212028
Beneteau Oceanis 40,119556.2834428576
Beneteau Oceanis 40,119556.2834428576
Beneteau Oceanis 40,119556.2834428576
Beneteau Oceanis 40,119556.2834428576
Beneteau Oceanis 43,131140.51782078217
Beneteau Cyclades 43.4,112252.21706136095
Beneteau Cyclades 43.4,112252.21706136095
Beneteau Oceanis 423,168735.0104445273
Beneteau Oceanis Clipper 423,126992.98054479933
Beneteau Cyclades 43.4,112252.21706136095
Beneteau Cyclades 43.4,112252.21706136095
Beneteau Cyclades 43,100099.72030180511
Beneteau 423,142393.34590174124
Beneteau Oceanis 423,168735.0104445273
Beneteau Cyclades 43.3,119692.1116347974
Beneteau Cyclades 43.4,112252.21706136095
Beneteau 423,142393.34590174124
Beneteau Oceanis 46,177757.45954397097
Beneteau Oceanis 46,177757.45954397097
Beneteau Oceanis 46,177757.45954397097
Beneteau Oceanis 46 Owner Version,176300.67498723918
Beneteau Oceanis 46,177757.45954397097
Beneteau Oceanis 46,177757.45954397097
Beneteau First 50,285135.09341641294
Beneteau First 50,285135.09341641294
Beneteau Oceanis 49,259695.0212495357
Beneteau First 50,285135.09341641294
Beneteau First 50,285135.09341641294
Beneteau First 50,285135.09341641294
Beneteau Oceanis 50,209996.58644227745
Beneteau Oceanis 50,209996.58644227745
Beneteau First 50,285135.09341641294
Beneteau Cyclades 50.5,169633.52267042478
Beneteau Cyclades 50.5,169633.52267042478
Beneteau Cyclades 50.5,169633.52267042478
Beneteau Cyclades 50.5,169633.52267042478
Beneteau Cyclades 50.5,169633.52267042478
Beneteau Cyclades 50.5,169633.52267042478
Beneteau 523,343635.686008888
Beneteau Oceanis Clipper 523,236791.5558241554
Beneteau Oceanis Clipper 523,236791.5558241554
Beneteau Oceanis 523,312256.9966051786
Beneteau Oceanis 50,209996.58644227745
Beneteau Oceanis 50,209996.58644227745
Beneteau Cyclades 50.5,169633.52267042478
Bestevaer 53ST,1001670.0979645555
Cabo Rico 42,337686.2034913809
Caliber 47 LRC SE,351381.2863433361
Caliber 47LRC,428695.6530098945
Catalina 42 MK II,185371.9119339823
Catalina Morgan 440,231812.63812604977
Catalina Morgan 440,231812.63812604977
Catalina 470,295914.65465525334
Comar Comet 41S,150506.2750253866
Comar Comet 41S,150506.2750253866
Comar Comet 41S,150506.2750253866
Comar Comet 41S,150506.2750253866
Comar Comet 45S,218436.16380507156
Comar Comet 52 RS,294547.8598502463
Comar Comet 52 RS,294547.8598502463
Contest 50CS,640426.6658339914
Contest 55CS,647747.147131093
Dehler 39 SQ,191588.35160777954
Dehler 44,212354.43020100534
Dehler 44 SQ,225710.07548726135
Dehler 47 SQ,270246.9792046588
Dehler 47,218670.28454299967
Dehler 47,218670.28454299967
Delphia 40,129747.5170581135
Dufour 385,99701.50582345606
Dufour 385 GL,106060.86510670555
Dufour 385 GL,106060.86510670555
Dufour 385 GL,106060.86510670555
Dufour 40 Performance,124827.68052495606
Dufour 40 Performance,124827.68052495606
Dufour 455 GL,158804.7887159619
Dufour 485 GL,226096.00823417743
Dufour 485 GL,226096.00823417743
Dufour 485 GL,226096.00823417743
Dufour 485,235774.72726781748
Dufour 485 GL,226096.00823417743
Dufour 525 GL,301088.29498908605
Elan 410,108136.1938094419
Elan 434 Impression,108192.888429363
Elan Impression 434,151970.76340046254
Elan Impression 434,151970.76340046254
Elan Impression 434,151970.76340046254
Elan Impression 434,151970.76340046254
Elan Impression 434,151970.76340046254
Elan 514 IMPRESSION,182430.99835564496
Grand Soleil 40,129105.22027860433
Grand Soleil 40,129105.22027860433
Grand Soleil 43 BC,193656.30689993774
Grand Soleil 43,216910.91229102973
Grand Soleil 45,206162.18825868904
Grand Soleil 45,206162.18825868904
Grand Soleil 45,206162.18825868904
Grand Soleil 50,320553.26407024096
Grand Soleil 50,320553.26407024096
Grand Soleil 50,320553.26407024096
Grand Soleil 50,320553.26407024096
Grand Soleil 50,320553.26407024096
Grand Soleil 50,320553.26407024096
Grand Soleil 54,458381.3436775905
Grand Soleil 56,469126.5428825459
Grand Soleil 56,469126.5428825459
Hallberg-Rassy 40,375975.5047289978
Hallberg-Rassy 54,988156.322242862
Hanse 400,121953.61458461673
Hanse 400,121953.61458461673
Hanse 400,121953.61458461673
Hanse 400,121953.61458461673
Hanse 400,121953.61458461673
Hanse 430e,156619.8118590144
Hanse 430e,156619.8118590144
Hanse 430e,156619.8118590144
Hanse 430e,156619.8118590144
Hanse 430,159680.90465648627
Hanse 470e,219978.26295188538
Hanse 470e,219978.26295188538
Hanse 470,227452.01532739736
Hanse 470e,219978.26295188538
Hanse 470e,219978.26295188538
Hanse 540,273829.5101489778
Hanse 540,273829.5101489778
Hanse 540e,297170.6389012392
Hunter 38,118150.35943801019
Hunter 38,118150.35943801019
Hunter 38,118150.35943801019
Hunter 45 Center Cockpit,208316.6811834943
Hunter 45 Center Cockpit,208316.6811834943
Hunter 49,265270.0687771686
Hunter 49,265270.0687771686
Hunter 49,265270.0687771686
Hylas 46,428880.122739496
Island Packet SP Cruiser,298073.46218094556
Island Packet SP Cruiser,298073.46218094556
Island Packet 465,383946.90084295947
Island Packet 485,561969.0812362256
J Boats J 122,232390.75295789418
J boats J 122,146912.09814881528
J Boats J 122,232390.75295789418
J Boats J 122,232390.75295789418
Jeanneau Sun Odyssey 39i,115011.16872840801
Jeanneau Sun Odyssey 39 DS,132281.125287652
Jeanneau Sun Odyssey 39 DS,132281.125287652
Jeanneau Sun Odyssey 39i,115011.16872840801
Jeanneau Sun Odyssey 39 DS,132281.125287652
Jeanneau Sun Odyssey 39i,115011.16872840801
Jeanneau Sun Odyssey 39i,115011.16872840801
Jeanneau Sun Odyssey 39 DS,132281.125287652
Jeanneau Sun Odyssey 39 DS,132281.125287652
Jeanneau Sun Odyssey 39i,115011.16872840801
Jeanneau Sun Odyssey 39i,115011.16872840801
Jeanneau Sun Odyssey 39i Performance,122902.28287624009
Jeanneau 42 DS,185815.76137130588
Jeanneau Sun Odyssey 42i,133450.0315100302
Jeanneau Sun Odyssey 42 DS,169388.07342358647
Jeanneau Sun Odyssey 42i,133450.0315100302
Jeanneau Sun Odyssey 42i,133450.0315100302
Jeanneau Sun Odyssey  42 DS,185815.76137130588
Jeanneau Sun Odyssey 42 DS,169388.07342358647
Jeanneau Sun Odyssey 42i,133450.0315100302
Jeanneau Sun Odyssey 42i,133450.0315100302
Jeanneau Sun Odyssey 42 DS,169388.07342358647
Jeanneau Sun Odyssey 42,150086.94234902156
Jeanneau Sun Odyssey 42i,133450.0315100302
Jeanneau Sun Odyssey 45,143381.75232612216
Jeanneau Sun Odyssey 45,143381.75232612216
Jeanneau Sun Odyssey 45,143381.75232612216
Jeanneau Sun Odyssey 45,143381.75232612216
Jeanneau Sun Odyssey 45,143381.75232612216
Jeanneau Sun Odyssey 45 Performance,146949.48120139886
Jeanneau Sun Odyssey 45,143381.75232612216
Jeanneau Sun Odyssey 45,143381.75232612216
Jeanneau Sun Odyssey 45,143381.75232612216
Jeanneau Sun Odyssey 45,143381.75232612216
Jeanneau Sun Odyssey 45 DS,200018.1571074621
Jeanneau Sun Odyssey 45,143381.75232612216
Jeanneau Sun Odyssey 49 DS,251720.2017941243
Jeanneau Sun Odyssey 49 DS,251720.2017941243
Jeanneau Sun Odyssey 49 DS,251720.2017941243
Jeanneau Sun Odyssey 49 DS,251720.2017941243
Jeanneau Sun Odyssey 49 DS,251720.2017941243
Jeanneau Sun Odyssey 49 DS,251720.2017941243
Jeanneau Sun Odyssey 49,215182.30566042423
Jeanneau Sun Odyssey 49i,146456.96511446204
Jeanneau Sun Odyssey 49i,146456.96511446204
Jeanneau Sun Odyssey 49 DS,251720.2017941243
Jeanneau Sun Odyssey 49DS,225710.07548726135
Jeanneau Sun Odyssey 54 DS,320833.2607601433
Jeanneau Sun Odyssey 54 DS,320833.2607601433
Jeanneau Sun Odyssey 54 DS,320833.2607601433
Jeanneau Sun Odyssey 54 DS,320833.2607601433
Jeanneau Sun Odyssey 54 DS,320833.2607601433
Jeanneau Sun Odyssey 54 DS,320833.2607601433
Jeanneau Sun Odyssey 54 DS,320833.2607601433
Jeanneau Sun Odyssey 54 DS,320833.2607601433
Malo 40 Classic MK Il,467446.48551741114
Maxi 1300,347649.058304492
Maxi 1300,347649.058304492
Nautor Swan 46,601001.8388784239
Oyster 53,710469.3123570544
Poncin HARMONY 47,136611.21523459305
Poncin harmony 52,107914.10791125167
Poncin harmony 52,107914.10791125167
Rustler 42,384767.14607012103
Sly 42,226377.47292603293
Sly 42,226377.47292603293
Sly 53,384048.9593661213
Southerly 135,324352.9562398535
Sweden Yachts 45,385976.719420786
Tayana Pilothouse,302362.925308338
Tayana 52 DS,401318.06450015766
Vismara V52,467455.83128055715
Vismara V52,467455.83128055715
Vismara 52 Carbon,464774.69675923197
Wauquiez Pilot Saloon 41,200670.7584829646
X-Yachts X-40,205614.9651322756
X-Yachts X-40,205614.9651322756
X-Yachts X-40,205614.9651322756
X-Yachts X-40,205614.9651322756
X-Yachts 41,237077.8219773083
X-Yachts 41,237077.8219773083
X-Yachts X-46,256459.28548957268
X-Yachts X-46,256459.28548957268
X-Yachts X-55,627713.1294509356
Allures 44,359102.9966318927
Allures 44,359102.9966318927
Amel 54,568748.8235149035
Archambault 40 RC,143160.06680042762
Archambault 40 RC,143160.06680042762
Bavaria 38 Cruiser,85365.29911170724
Bavaria 38 Cruiser,85365.29911170724
Bavaria 38 Cruiser,85365.29911170724
Bavaria 38 Cruiser,85365.29911170724
Bavaria 39 Cruiser,96535.3326405536
Bavaria 39 Cruiser,96535.3326405536
Bavaria 40 Cruiser,102165.71551230503
Bavaria 40 Cruiser,102165.71551230503
Bavaria 40 Cruiser,102165.71551230503
Bavaria 40 Cruiser,102165.71551230503
Bavaria 40 Cruiser,102165.71551230503
Bavaria 40 Cruiser,102165.71551230503
Bavaria 40 Cruiser,102165.71551230503
Bavaria 40 Cruiser,102165.71551230503
Bavaria 40 Cruiser,102165.71551230503
Bavaria 42 Cruiser,121674.80664332857
Bavaria 42 Cruiser,121674.80664332857
Bavaria Cruiser 46,133164.89303377052
Bavaria Cruiser 46,133164.89303377052
Bavaria Cruiser 46,133164.89303377052
Bavaria Cruiser 46,133164.89303377052
Bavaria Cruiser 46,133164.89303377052
Bavaria Cruiser 46,133164.89303377052
Bavaria Cruiser 46,133164.89303377052
Bavaria Cruiser 46,133164.89303377052
Bavaria Cruiser 46,133164.89303377052
Bavaria Cruiser 46,133164.89303377052
Bavaria 50 Cruiser,156372.6918812793
Bavaria 50 Cruiser,156372.6918812793
Bavaria Cruiser 50,243908.36830849564
Bavaria 50 Cruiser,156372.6918812793
Bavaria 50 Cruiser,156372.6918812793
Bavaria 50 Cruiser,156372.6918812793
Bavaria 50 Cruiser,156372.6918812793
Bavaria 50 Cruiser,156372.6918812793
Bavaria 50 Cruiser,156372.6918812793
Bavaria 50 Cruiser,156372.6918812793
Bavaria 50 Cruiser,156372.6918812793
Bavaria 50 Cruiser,156372.6918812793
Bavaria 50 Cruiser,156372.6918812793
Beneteau Cyclades 39.3,101333.33234310521
Beneteau Oceanis 40,119556.2834428576
Beneteau Oceanis 40,119556.2834428576
Beneteau Oceanis 40,119556.2834428576
Beneteau Oceanis 40,119556.2834428576
Beneteau Oceanis 40,119556.2834428576
Beneteau Oceanis 40,119556.2834428576
Beneteau Oceanis 40,119556.2834428576
Beneteau Oceanis 40,119556.2834428576
Beneteau Oceanis 40,119556.2834428576
Beneteau Oceanis 40,119556.2834428576
Beneteau Oceanis 40,119556.2834428576
Beneteau 43,169117.55469427462
Beneteau 43,169117.55469427462
Beneteau 43,169117.55469427462
Beneteau Oceanis 43,131140.51782078217
Beneteau Oceanis 43,131140.51782078217
Beneteau Oceanis 43,131140.51782078217
Beneteau Cyclades 43.4,112252.21706136095
Beneteau Oceanis 43,131140.51782078217
Beneteau Oceanis 43,131140.51782078217
Beneteau Oceanis 43,131140.51782078217
Beneteau Oceanis 43,131140.51782078217
Beneteau 43,169117.55469427462
Beneteau Oceanis 43,131140.51782078217
Beneteau 43,169117.55469427462
Beneteau Oceanis 43,131140.51782078217
Beneteau Oceanis 43,131140.51782078217
Beneteau Oceanis 43,131140.51782078217
Beneteau Oceanis 43.4,139244.46022164758
Beneteau Oceanis 423,168735.0104445273
Beneteau First 45,190567.52579488693
Beneteau First 45,190567.52579488693
Beneteau First 45,190567.52579488693
Beneteau Oceanis 46,177757.45954397097
Beneteau Oceanis 46,177757.45954397097
Beneteau Oceanis 46,177757.45954397097
Beneteau Oceanis 46,177757.45954397097
Beneteau Oceanis 46,177757.45954397097
Beneteau Oceanis 46,177757.45954397097
Beneteau Oceanis 46,177757.45954397097
Beneteau Oceanis 46,177757.45954397097
Beneteau Oceanis 49,259695.0212495357
Beneteau First 50,285135.09341641294
Beneteau Oceanis 49,259695.0212495357
Beneteau First 50,285135.09341641294
Beneteau Oceanis 50,209996.58644227745
Beneteau Oceanis 50,209996.58644227745
Beneteau Oceanis 49,259695.0212495357
Beneteau First 50,285135.09341641294
Beneteau Oceanis 50,209996.58644227745
Beneteau Oceanis 49,259695.0212495357
Beneteau First 50 Sport,315892.2876500354
Beneteau Oceanis 50,209996.58644227745
Beneteau Cyclades 50.5,169633.52267042478
Beneteau Cyclades 50.5,169633.52267042478
Beneteau Cyclades 50.5,169633.52267042478
Beneteau Cyclades 50.5,169633.52267042478
Beneteau Oceanis 523,312256.9966051786
Beneteau Oceanis Clipper 523,236791.5558241554
Beneteau 56,458563.03853002505
C&C 115,154430.50683867917
Caliber 47 LRC SE,351381.2863433361
Catalina 42 MK II,185371.9119339823
Catalina 470,295914.65465525334
Catalina 470,295914.65465525334
Comar Comet 450,127641.02055809052
Comar Comet 45s,174609.3602785458
Comar Comet 45S,218436.16380507156
Comar Comet 52 RS,294547.8598502463
Dehler 41 CR,197091.10914129566
Dehler 47 SQ,270246.9792046588
Dehler 47,218670.28454299967
Dufour 425 GL,152388.19914182383
Dufour 455 GL,158804.7887159619
Dufour 455 GL,158804.7887159619
Dufour 455 GL,158804.7887159619
Dufour 485 GL,226096.00823417743
Dufour 485,235774.72726781748
Dufour 525 GL,301088.29498908605
Dufour 525 GL,301088.29498908605
Dufour 525 GL,301088.29498908605
Elan 410,108136.1938094419
Elan 450,202965.85289855435
Elan 450,202965.85289855435
Elan 450,202965.85289855435
Elan 450,202965.85289855435
Elan 450,202965.85289855435
Elan Impression 434,151970.76340046254
Elan 450,202965.85289855435
Elan 514 IMPRESSION,182430.99835564496
Grand Soleil 43,216910.91229102973
Grand Soleil 43,216910.91229102973
Grand Soleil 43,216910.91229102973
Grand Soleil 45,206162.18825868904
Grand Soleil 50,320553.26407024096
Grand Soleil 54,458381.3436775905
Grand Soleil 54,458381.3436775905
Grand Soleil 56,469126.5428825459
Hallberg-Rassy 40,375975.5047289978
Hallberg-Rassy 40,375975.5047289978
Hallberg-Rassy 43,406212.2609496942
Hallberg-Rassy 54,988156.322242862
Hanse 400e,133707.9646573343
Hanse 400 Epoxy,122483.5824566248
Hanse 400,121953.61458461673
Hanse 400,121953.61458461673
Hanse 430e,156619.8118590144
Hanse 430e,156619.8118590144
Hanse 430e,156619.8118590144
Hanse 470e,219978.26295188538
Hanse 470e,219978.26295188538
Hanse 470e,219978.26295188538
Hanse 540e,297170.6389012392
Hanse 540e,297170.6389012392
Hanse 540e,297170.6389012392
Hanse 540e,297170.6389012392
Hanse 540e,297170.6389012392
Hanse 540,273829.5101489778
Hanse 540e,297170.6389012392
Hanse 540e,297170.6389012392
Hanse 540e,297170.6389012392
Hunter 38,118150.35943801019
Hunter 38,118150.35943801019
Hunter 38,118150.35943801019
Hunter 38,118150.35943801019
Hunter 38,118150.35943801019
Hunter 41 DS,146477.8933270125
Hunter 41 DS,146477.8933270125
Hunter 41 DS,146477.8933270125
Hunter 41 DS,146477.8933270125
Hunter 45 Center Cockpit,208316.6811834943
Hunter 45 DS,191184.70729241837
Hunter 45cc,213012.60712569964
Hunter 49,265270.0687771686
Hunter 45 Center Cockpit,208316.6811834943
Hylas 46,428880.122739496
Island Packet 440,394678.97855540446
Island Packet 440,394678.97855540446
Island Packet 465,383946.90084295947
J Boats J 122,232390.75295789418
J Boats J 122,232390.75295789418
J Boats J 122,232390.75295789418
Jeanneau Sun Odyssey 39i,115011.16872840801
Jeanneau Sun Odyssey 39i,115011.16872840801
Jeanneau Sun Odyssey 39i,115011.16872840801
Jeanneau Sun Odyssey 39i,115011.16872840801
Jeanneau Sun Odyssey 39i,115011.16872840801
Jeanneau 39i,115694.7423461134
Jeanneau Sun Odyssey 39i,115011.16872840801
Jeanneau Sun Odyssey 39i,115011.16872840801
Jeanneau Sun Odyssey 39i,115011.16872840801
Jeanneau Sun Odyssey 39i,115011.16872840801
Jeanneau Sun Odyssey 39i,115011.16872840801
Jeanneau Sun Odyssey 42 DS,169388.07342358647
Jeanneau Sun Odyssey 42i,133450.0315100302
Jeanneau Sun Odyssey 42i,133450.0315100302
Jeanneau Sun Odyssey 42i,133450.0315100302
Jeanneau Sun Odyssey 42i Performance,157929.16111054487
Jeanneau Sun Odyssey 42i Performance,157929.16111054487
Jeanneau Sun Odyssey 42i,133450.0315100302
Jeanneau Sun Odyssey 42,150086.94234902156
Jeanneau Sun Odyssey 42 DS,169388.07342358647
Jeanneau Sun Odyssey 45 DS,200018.1571074621
Jeanneau Sun Odyssey 45,143381.75232612216
Jeanneau Sun Odyssey 45,143381.75232612216
Jeanneau Sun Odyssey 45,143381.75232612216
Jeanneau Sun Odyssey 45 DS,200018.1571074621
Jeanneau Sun Odyssey 45 DS,200018.1571074621
Jeanneau 45 Sun Odyssey Performance,154117.07242122313
Jeanneau Sun Odyssey 45 DS,200018.1571074621
Jeanneau Sun Odyssey 49i,146456.96511446204
Jeanneau Sun Odyssey 49i,146456.96511446204
Jeanneau Sun Odyssey 49i,146456.96511446204
Jeanneau Sun Odyssey 49i,146456.96511446204
Jeanneau Sun Odyssey 49i Performance,157245.0761431865
Jeanneau Sun Odyssey 49i,146456.96511446204
Jeanneau Sun Odyssey 50 DS,222285.34356833628
Jeanneau Sun Odyssey 49 Owners Version,204229.56451718183
Jeanneau Sun Odyssey 49i,146456.96511446204
Jeanneau Sun Odyssey 49i Performance,157245.0761431865
Jeanneau Sun Odyssey 49i,146456.96511446204
Jeanneau Sun Odyssey 50 DS,222285.34356833628
Jeanneau Sun Odyssey 49i,146456.96511446204
Jeanneau 49i,212177.78894484474
Jeanneau Sun Odyssey 54 DS,320833.2607601433
Jeanneau Sun Odyssey 54 DS,320833.2607601433
Jeanneau Sun Odyssey 54 DS,320833.2607601433
Jeanneau Sun Odyssey 54 DS,320833.2607601433
Jeanneau Sun Odyssey 54 DS,320833.2607601433
Jeanneau Sun Odyssey 54 DS,320833.2607601433
Jeanneau Sun Odyssey 54 DS,320833.2607601433
Malo 40,335959.8458142138
Maxi 1300,347649.058304492
Maxi 1300,347649.058304492
Morris M42,492226.57517764065
Oyster 54,739554.1550582909
Passport 470 Center Cockpit,537905.2456456139
Poncin harmony 52,107914.10791125167
Sabre 426,326479.7977852466
Sabre 426,326479.7977852466
Salona 45,136625.73376190805
ShearWater 39,260913.89567456883
Sly 53,384048.9593661213
Sly 53,384048.9593661213
Sly 53,384048.9593661213
Sweden Yachts 54,771678.6243503038
Tartan 4300,346323.8664052155
Wauquiez Centurion 40s,179841.76804176986
Wauquiez Pilot Saloon 47,323336.9728310275
X-Yachts X-41 One Design,232074.1003694125
X-Yachts X-50 Modern,444809.1346328968
Zuanelli 40,270736.8419962783
Zuanelli 40,270736.8419962783
Alliage AZZURO 53,630569.3637145855
Archambault 40 RC,143160.06680042762
Archambault 40 RC,143160.06680042762
Archambault 40 RC,143160.06680042762
Bavaria 38 Cruiser,85365.29911170724
Bavaria 38 Cruiser,85365.29911170724
Bavaria 40 Cruiser,102165.71551230503
Bavaria 47 Cruiser,158355.44234296095
Bavaria 47 Cruiser,158355.44234296095
Bavaria 47 Cruiser,158355.44234296095
Bavaria 47 Cruiser,158355.44234296095
Bavaria 50 Cruiser,156372.6918812793
Bavaria 50 Cruiser,156372.6918812793
Bavaria 51 Cruiser,165457.53016632478
Bavaria 51 Cruiser,165457.53016632478
Bavaria 56 Cruiser,248507.72251595734
Beneteau Oceanis 40,119556.2834428576
Beneteau Oceanis 40,119556.2834428576
Beneteau Oceanis 40,119556.2834428576
Beneteau First 40,137074.93670396277
Beneteau First 40,137074.93670396277
Beneteau First 40,137074.93670396277
Beneteau First 40 CR,173792.3409683701
Beneteau Oceanis 40,119556.2834428576
Beneteau First 40,137074.93670396277
Beneteau 40,166739.8895235467
Beneteau Oceanis 43,131140.51782078217
Beneteau Oceanis 43,131140.51782078217
Beneteau Oceanis 43,131140.51782078217
Beneteau Oceanis 43,131140.51782078217
Beneteau Oceanis 43,131140.51782078217
Beneteau Oceanis 43 Family,120548.33632438899
Beneteau Oceanis 43,131140.51782078217
Beneteau Oceanis 43,131140.51782078217
Beneteau First 45,190567.52579488693
Beneteau First 45,190567.52579488693
Beneteau First 45,190567.52579488693
Beneteau Oceanis 46,177757.45954397097
Beneteau Oceanis 46,177757.45954397097
Beneteau Oceanis 46,177757.45954397097
Beneteau Oceanis 46,177757.45954397097
Beneteau Oceanis 46,177757.45954397097
Beneteau Oceanis 49,259695.0212495357
Beneteau First 50,285135.09341641294
Beneteau Oceanis 50,209996.58644227745
Beneteau Oceanis 49,259695.0212495357
Beneteau Cyclades 50.5,169633.52267042478
Beneteau Cyclades 50.5,169633.52267042478
Beneteau Cyclades 50.5,169633.52267042478
Beneteau Cyclades 50.5,169633.52267042478
Beneteau Cyclades 50.5,169633.52267042478
Beneteau Oceanis 54,242509.24739024212
Beneteau Oceanis 54,242509.24739024212
Beneteau Oceanis 54,242509.24739024212
Beneteau Oceanis 54,242509.24739024212
Beneteau Oceanis 54,242509.24739024212
Beneteau Oceanis 54,242509.24739024212
Beneteau Oceanis 54,242509.24739024212
Beneteau Oceanis 54,242509.24739024212
Beneteau Oceanis 54,242509.24739024212
Beneteau Oceanis 54,242509.24739024212
Beneteau Oceanis 54,242509.24739024212
Beneteau Oceanis 54,242509.24739024212
Beneteau Oceanis 54,242509.24739024212
Beneteau Oceanis 54,242509.24739024212
Beneteau Oceanis 54,242509.24739024212
Beneteau America 50,157900.97953258848
Bestevaer 49ST,748135.8044721611
B-Yachts 38,217565.14415026506
C&C 115,154430.50683867917
Catalina 42 Mk II,165698.57648278552
Catalina 470,295914.65465525334
Comar Comet 41S,150506.2750253866
Comar Comet 45s,174609.3602785458
Dufour 405 GL,119568.23419730498
Dufour 40 Performance,124827.68052495606
Dufour 425 GL,152388.19914182383
Dufour 425,159228.20506658344
Dufour 455 GL,158804.7887159619
Elan Impression 434,151970.76340046254
Elan Impression 434,151970.76340046254
Grand Soleil 37 B&C,146489.9067141147
Grand Soleil 40 B&C,159269.10353005142
Grand Soleil 46 Jezequel,203811.7249609486
Grand Soleil 48 Ocean Cruiser,191073.42660847996
Hallberg-Rassy 54,988156.322242862
Hallberg-Rassy 54,988156.322242862
Hanse 400,121953.61458461673
Hanse 430,159680.90465648627
Hanse 540e,297170.6389012392
Hunter 38,118150.35943801019
Hunter 38,118150.35943801019
Hunter 38,118150.35943801019
Hunter 41 DS,146477.8933270125
Hunter 41 DS,146477.8933270125
Hunter 49,265270.0687771686
Hunter 50,257015.30632507108
Hunter 49,265270.0687771686
Island Packet 485,561969.0812362256
Jeanneau Sun Odyssey 39 DS,132281.125287652
Jeanneau Sun Odyssey 39i,115011.16872840801
Jeanneau Sun Odyssey 39i,115011.16872840801
Jeanneau Sun Odyssey 39i,115011.16872840801
Jeanneau Sun Odyssey 39i,115011.16872840801
Jeanneau Sun Odyssey 39 DS,132281.125287652
Jeanneau Sun Odyssey 42 DS,169388.07342358647
Jeanneau Sun Odyssey 42i,133450.0315100302
Jeanneau Sun Odyssey 42i,133450.0315100302
Jeanneau Sun Odyssey 42i,133450.0315100302
Jeanneau Sun Odyssey 42i,133450.0315100302
Jeanneau Sun Odyssey 42i,133450.0315100302
Jeanneau Sun Odyssey 42i,133450.0315100302
Jeanneau Sun Odyssey 42 DS,169388.07342358647
Jeanneau Sun Odyssey 42i,133450.0315100302
Jeanneau Sun Odyssey 45 DS,200018.1571074621
Jeanneau Sun Odyssey 44i,148807.20153105387
Jeanneau Sun Odyssey 44i,148807.20153105387
Jeanneau Sun Odyssey 44i,148807.20153105387
Jeanneau Sun Odyssey 44i,148807.20153105387
Jeanneau Sun Odyssey 45 DS,200018.1571074621
Jeanneau Sun Odyssey 44i,148807.20153105387
Jeanneau Sun Odyssey 44i,148807.20153105387
Jeanneau Sun Odyssey 44i,148807.20153105387
Jeanneau Sun Odyssey 49i,146456.96511446204
Jeanneau Sun Odyssey 50 DS,222285.34356833628
Jeanneau Sun Odyssey 50 DS,222285.34356833628
Jeanneau Sun Odyssey 50 DS,222285.34356833628
Jeanneau Sun Odyssey 50 DS,222285.34356833628
Jeanneau Sun Odyssey 49i,146456.96511446204
Jeanneau Sun Odyssey 50 DS,222285.34356833628
Jeanneau Sun Odyssey 50 DS,222285.34356833628
Jeanneau Sun Odyssey 50 DS,222285.34356833628
Jeanneau Sun Odyssey 50 DS,222285.34356833628
Jeanneau Sun Odyssey 50 DS,222285.34356833628
Jeanneau Sun Odyssey 49i,146456.96511446204
Jeanneau Sun Odyssey 49i,146456.96511446204
Jeanneau Sun Odyssey 49i,146456.96511446204
Jeanneau Sun Odyssey 50 DS,222285.34356833628
Jeanneau Sun Odyssey 49i,146456.96511446204
Jeanneau Sun Odyssey 54 DS,320833.2607601433
Jeanneau Sun Odyssey 54 DS,320833.2607601433
Jeanneau Sun Odyssey 54 DS,320833.2607601433
Jeanneau Sun Odyssey 54 DS,320833.2607601433
Jeanneau Sun Odyssey 50 DS,222285.34356833628
Jeanneau Sun Odyssey 50 DS,222285.34356833628
Jeanneau Sun Odyssey 49i,146456.96511446204
Malo 40 classic,361216.27802827756
Moody 45 DS,402697.3054117284
Moody 45 Classic,294787.9045181704
Nauticat 441 Ketch,508256.74098138517
Nauticat 441,533920.1307023423
Nordship 380DS,380889.4876349552
Oyster 54,739554.1550582909
Passport 470 Center Cockpit,537905.2456456139
RM Yachts RM 1200,140101.35698469682
Solaris 48,352921.134936893
Solaris 48 ONE,407568.9186372731
Southerly 42 RST,315138.3911995032
Tartan 4400,375972.3858923067
Triplast Y 40,116902.03751071145
X-Yachts Xc 42,431613.1322921808
Bavaria 45 Cruiser,133096.03699267973
Bavaria 45 Cruiser,133096.03699267973
Bavaria 51 Cruiser,165457.53016632478
Bavaria 51 Cruiser,165457.53016632478
Bavaria 51 Cruiser,165457.53016632478
Bavaria 51 Cruiser,165457.53016632478
Bavaria 51 Cruiser,165457.53016632478
Bavaria 56 Cruiser,248507.72251595734
Bavaria 56 Cruiser,248507.72251595734
Bavaria 56 Cruiser,248507.72251595734
Bavaria 56 Cruiser,248507.72251595734
Beneteau Oceanis 40,119556.2834428576
Beneteau Oceanis 40,119556.2834428576
Beneteau Oceanis 40,119556.2834428576
Beneteau Oceanis 40,119556.2834428576
Beneteau Oceanis 40,119556.2834428576
Beneteau Oceanis 43,131140.51782078217
Beneteau 43,169117.55469427462
Beneteau Oceanis 43,131140.51782078217
Beneteau Oceanis 43,131140.51782078217
Beneteau Oceanis 43,131140.51782078217
Beneteau Oceanis 43,131140.51782078217
Beneteau Oceanis 43,131140.51782078217
Beneteau Oceanis 43,131140.51782078217
Beneteau Oceanis 43,131140.51782078217
Beneteau Oceanis 43,131140.51782078217
Beneteau Oceanis 43,131140.51782078217
Beneteau Oceanis 46 Family,135443.99999999997
Beneteau Oceanis 46,177757.45954397097
Beneteau Oceanis 46 Family,135443.99999999997
Beneteau Oceanis 46,177757.45954397097
Beneteau Oceanis 50,209996.58644227745
Beneteau Oceanis 50,209996.58644227745
Beneteau Oceanis 50,209996.58644227745
Beneteau Oceanis 50,209996.58644227745
Beneteau Oceanis 50,209996.58644227745
Beneteau Oceanis 50,209996.58644227745
Beneteau Oceanis 50,209996.58644227745
Beneteau Oceanis 50,209996.58644227745
Beneteau America 50,157900.97953258848
Beneteau Cyclades 50.5,169633.52267042478
Beneteau Oceanis 54,242509.24739024212
Beneteau Oceanis 50,209996.58644227745
Catalina 445,225037.534714783
Catalina 445,225037.534714783
Comar Comet 45s,174609.3602785458
Dehler 39 SQ,191588.35160777954
Discovery 55,929819.0605864064
Dufour 40e Performance,162169.75612617153
Dufour 40e,157951.0
Dufour 405 GL,119568.23419730498
Dufour 425 GL,152388.19914182383
Dufour 45e Performance,171597.76640347447
Dufour 455 GL,158804.7887159619
Dufour 525 GL,301088.29498908605
Dufour 45e Performance,171597.76640347447
Elan Impression 384,95388.23879761409
Elan Impression 434,151970.76340046254
Elan 450,202965.85289855435
Elan Impression 434,151970.76340046254
Grand Soleil 46,288370.42125995806
Grand Soleil 50,320553.26407024096
Hanse 400,121953.61458461673
Hanse 400,121953.61458461673
Hanse 400,121953.61458461673
Hanse 400,121953.61458461673
Hanse 430e,156619.8118590144
Hanse 470e,219978.26295188538
Hanse 470,227452.01532739736
Hanse 470,227452.01532739736
Hanse 470,227452.01532739736
Hunter 39,144032.3091645923
Hunter OV,219000.00000000003
Hunter AC 50,280000.0
Hunter 50 Center Cockpit,260158.51198405135
Hylas 46,428880.122739496
Island Packet SP Cruiser,298073.46218094556
Island Packet 465,383946.90084295947
Jeanneau Sun Odyssey 39 DS,132281.125287652
Jeanneau Sun Odyssey 39i,115011.16872840801
Jeanneau Sun Odyssey 42i,133450.0315100302
Jeanneau Sun Odyssey 42i,133450.0315100302
Jeanneau Sun Odyssey 42i,133450.0315100302
Jeanneau Sun Odyssey 42i,133450.0315100302
Jeanneau Sun Odyssey 42 DS,169388.07342358647
Jeanneau Sun Odyssey 45 DS,200018.1571074621
Jeanneau Sun Odyssey 44i,148807.20153105387
Jeanneau Sun Odyssey 44i,148807.20153105387
Jeanneau Sun Odyssey 44i,148807.20153105387
Jeanneau Sun Odyssey 45 DS,200018.1571074621
Jeanneau Sun Odyssey 45 DS,200018.1571074621
Jeanneau Sun Odyssey 45 DS,200018.1571074621
Jeanneau Sun Odyssey 44i,148807.20153105387
Jeanneau Sun Odyssey 45 DS,200018.1571074621
Jeanneau Sun Odyssey 45 DS,200018.1571074621
Jeanneau Sun Odyssey 50 DS,222285.34356833628
Jeanneau Sun Odyssey 50 DS,222285.34356833628
Jeanneau Sun Odyssey 50 DS,222285.34356833628
Jeanneau Sun Odyssey 50 DS,222285.34356833628
Jeanneau 53,224081.6136680687
Jeanneau 53,224081.6136680687
Jeanneau Sun Odyssey 53,298887.14424236945
Jeanneau 53,224081.6136680687
Jeanneau 53,224081.6136680687
Jeanneau 53,224081.6136680687
Jeanneau 53,224081.6136680687
Jeanneau 53,224081.6136680687
Jeanneau 53,224081.6136680687
Jeanneau 53,224081.6136680687
Jeanneau 53,224081.6136680687
Jeanneau 53,224081.6136680687
Jeanneau 53,224081.6136680687
Jeanneau 53,224081.6136680687
Jeanneau 53,224081.6136680687
Jeanneau Sun Odyssey 54 DS,320833.2607601433
Malo 40,335959.8458142138
Moody 45 DS e,394776.0
Moody 45 DS,402697.3054117284
Nauticat 441,533920.1307023423
Oyster 54,739554.1550582909
Salona 44,192830.57819545956
Solaris One 44,400850.0
Solaris 48,352921.134936893
Southerly 38,285400.7905127455
Tartan 4300,346323.8664052155
Tartan 4300,346323.8664052155
Vismara 54,479805.0
X-Yachts Xc 42,431613.1322921808
X-Yachts X-50,434277.3950842522
Azuree 40,117804.16074554324
Bavaria 40 Cruiser,102165.71551230503
Bavaria 40 Cruiser,102165.71551230503
Bavaria 40 Cruiser,102165.71551230503
Bavaria 40 Cruiser,102165.71551230503
Bavaria 40S Cruiser,95093.6792219406
Bavaria 40 Cruiser,102165.71551230503
Bavaria 40 Cruiser,102165.71551230503
Bavaria 40 Cruiser,102165.71551230503
Bavaria 40 Cruiser,102165.71551230503
Bavaria 40 Cruiser,102165.71551230503
Bavaria 40 Cruiser,102165.71551230503
Bavaria 40 Cruiser,102165.71551230503
Bavaria 45 Cruiser,133096.03699267973
Bavaria 45 Cruiser,133096.03699267973
Bavaria 50 Cruiser,156372.6918812793
Bavaria 50 Cruiser,156372.6918812793
Bavaria 56 Cruiser,248507.72251595734
Bavaria 56 Cruiser,248507.72251595734
Beneteau First 40,137074.93670396277
Beneteau Oceanis 40,119556.2834428576
Beneteau First 40,137074.93670396277
Beneteau Oceanis 40,119556.2834428576
Beneteau Oceanis 40,119556.2834428576
Beneteau Oceanis 40,119556.2834428576
Beneteau Oceanis 40,119556.2834428576
Beneteau Oceanis 40,119556.2834428576
Beneteau First 40,137074.93670396277
Beneteau Oceanis 40,119556.2834428576
Beneteau Oceanis 40,119556.2834428576
Beneteau Oceanis 40,119556.2834428576
Beneteau First 40 CR,173792.3409683701
Beneteau Oceanis 40,119556.2834428576
Beneteau Oceanis 40,119556.2834428576
Beneteau First 40,137074.93670396277
Beneteau First 40,137074.93670396277
Beneteau First 40,137074.93670396277
Beneteau Oceanis 43,131140.51782078217
Beneteau Oceanis 43,131140.51782078217
Beneteau Oceanis 43 Family,120548.33632438899
Beneteau 43,169117.55469427462
Beneteau Oceanis 43,131140.51782078217
Beneteau First 45,190567.52579488693
Beneteau Oceanis 46,177757.45954397097
Beneteau Oceanis 46,177757.45954397097
Beneteau Oceanis 50 F G5,165332.0431027359
Beneteau Oceanis 50,209996.58644227745
Beneteau Oceanis 50.5,160718.44782174053
Beneteau Oceanis 50,209996.58644227745
Beneteau Oceanis 50 Family,169956.9171046038
Beneteau Oceanis 50,209996.58644227745
Beneteau Oceanis 50 Family,169956.9171046038
Beneteau Oceanis 50,209996.58644227745
Beneteau Oceanis 50,209996.58644227745
Beneteau Oceanis 50,209996.58644227745
Beneteau Oceanis 50.5,160718.44782174053
Beneteau Oceanis 50.5,160718.44782174053
Beneteau Oceanis 50.5,160718.44782174053
Beneteau Oceanis 54,242509.24739024212
Beneteau First 45,190567.52579488693
Beneteau Oceanis 50,209996.58644227745
Catalina 375,159877.00932304448
Catalina 42 MK II,185371.9119339823
Catalina 445,225037.534714783
Contest 45CS,465607.36087176565
Contest 45CS,465607.36087176565
Dehler 41,176599.7566176583
Dehler 41,176599.7566176583
Dehler 45,186328.28893408438
Delphia 40,129747.5170581135
Dufour 405 GL,119568.23419730498
Dufour 405 GL,119568.23419730498
Dufour 405,84149.39172579805
Dufour 40e Performance,162169.75612617153
Dufour 425 GL,152388.19914182383
Dufour 445 GL,157608.53331738492
Dufour 45 Performance,168291.39431000492
Dufour 455,165678.85026274854
Dufour 45e Performance,171597.76640347447
Dufour 455,165678.85026274854
Dufour 455 GL,158804.7887159619
Dufour 455 GL,158804.7887159619
Dufour 45e Performance,171597.76640347447
Dufour 525 GL,301088.29498908605
Elan 444 Impression,107144.18657099846
Elan 444 Impression,107144.18657099846
Grand Soleil 43,216910.91229102973
Grand Soleil 46,288370.42125995806
Grand Soleil 46,288370.42125995806
Grand Soleil 54,458381.3436775905
Grand Soleil 56 EXTREME,460015.6279726374
Grand Soleil 56,469126.5428825459
Hanse 400,121953.61458461673
Hanse 445,145641.19278589226
Hanse 445,145641.19278589226
Hanse 470,227452.01532739736
Hanse 495,216835.12391544116
Hanse 495,216835.12391544116
Hanse 495,216835.12391544116
Hanse 495,216835.12391544116
Hunter 39,144032.3091645923
Hunter 50 Center Cockpit,260158.51198405135
Hunter 50,257015.30632507108
J Boats J 122,232390.75295789418
Jeanneau Sun Odyssey 409,114529.07838379206
Jeanneau Sun Odyssey 409,114529.07838379206
Jeanneau Sun Odyssey 409,114529.07838379206
Jeanneau Sun Odyssey 409,114529.07838379206
Jeanneau Sun Odyssey 409,114529.07838379206
Jeanneau Sun Odyssey 409,114529.07838379206
Jeanneau Sun Odyssey 409,114529.07838379206
Jeanneau Sun Odyssey 42i,133450.0315100302
Jeanneau Sun Odyssey 42i,133450.0315100302
Jeanneau Sun Odyssey 439,141261.23537776215
Jeanneau Sun Odyssey 439,141261.23537776215
Jeanneau Sun Odyssey 44i,148807.20153105387
Jeanneau Sun Odyssey 44i,148807.20153105387
Jeanneau Sun Odyssey 45 DS,200018.1571074621
Jeanneau Sun Odyssey 45 DS,200018.1571074621
Jeanneau Sun Odyssey 45 DS,200018.1571074621
Jeanneau Sun Odyssey 44i,148807.20153105387
Jeanneau Sun Odyssey 45 DS,200018.1571074621
Jeanneau Sun Odyssey 44i,148807.20153105387
Jeanneau Sun Odyssey 49i,146456.96511446204
Jeanneau Sun Odyssey 50 DS,222285.34356833628
Jeanneau Sun Odyssey 50 DS,222285.34356833628
Jeanneau Sun Odyssey 50 DS,222285.34356833628
Jeanneau 53,224081.6136680687
Jeanneau 53,224081.6136680687
Jeanneau 53,224081.6136680687
Jeanneau 53,224081.6136680687
Jeanneau 53,224081.6136680687
Jeanneau 53,224081.6136680687
Jeanneau 53,224081.6136680687
Jeanneau 53,224081.6136680687
Jeanneau 53,224081.6136680687
Jeanneau 53,224081.6136680687
Jeanneau 53,224081.6136680687
Jeanneau 53,224081.6136680687
Jeanneau 53,224081.6136680687
Jeanneau 53,224081.6136680687
Jeanneau 53,224081.6136680687
Jeanneau 53,224081.6136680687
Moody 45 DS,402697.3054117284
Morris M42,492226.57517764065
Oyster 54,739554.1550582909
Rustler 44,454796.12308116496
Sabre 456 MK II,470134.13373906445
Sly 48C,280486.27294514084
Tartan 4000,331587.7289043697
Tartan 4300,346323.8664052155
Tofinou 12,179869.54155434816
Vismara V50,437558.64121298166
Vismara V50,437558.64121298166
X-Yachts Xc 50,523256.7653565395
X-Yachts Xc 50,523256.7653565395
Bavaria 40S Cruiser,95093.6792219406
Bavaria 40S Cruiser,95093.6792219406
Bavaria 40S Cruiser,95093.6792219406
Bavaria 40S Cruiser,95093.6792219406
Bavaria 40 Cruiser,102165.71551230503
Bavaria 40 Cruiser,102165.71551230503
Bavaria 40S Cruiser,95093.6792219406
Bavaria 40 Cruiser,102165.71551230503
Bavaria 40 Cruiser,102165.71551230503
Bavaria 40 Cruiser,102165.71551230503
Bavaria 45 Cruiser,133096.03699267973
Bavaria 45 Cruiser,133096.03699267973
Bavaria 45 Cruiser,133096.03699267973
Bavaria 50 Cruiser,156372.6918812793
Bavaria 56 Cruiser,248507.72251595734
Bavaria 56 Cruiser,248507.72251595734
Bavaria 56 Cruiser,248507.72251595734
Bavaria 56 Cruiser,248507.72251595734
Bavaria 56 Cruiser,248507.72251595734
Bavaria 56 Cruiser,248507.72251595734
Bavaria 56 Cruiser,248507.72251595734
Bavaria 56 Cruiser,248507.72251595734
Beneteau Oceanis 41,142882.3653914601
Beneteau Oceanis 41,142882.3653914601
Beneteau Oceanis 41,142882.3653914601
Beneteau Oceanis 41,142882.3653914601
Beneteau First 40,137074.93670396277
Beneteau Sense 43,167948.71021257888
Beneteau Sense 43,167948.71021257888
Beneteau Oceanis 45,170301.9612072132
Beneteau Oceanis 45,170301.9612072132
Beneteau Oceanis 45,170301.9612072132
Beneteau Oceanis 45,170301.9612072132
Beneteau Oceanis 45,170301.9612072132
Beneteau Oceanis 45,170301.9612072132
Beneteau Oceanis 45,170301.9612072132
Beneteau Oceanis 45,170301.9612072132
Beneteau Sense 46,270316.008269597
Beneteau Oceanis 48,189137.96521818318
Beneteau Oceanis 48,189137.96521818318
Beneteau Oceanis 48,189137.96521818318
Beneteau Sense 50,292989.59235095885
Beneteau Sense 50,292989.59235095885
Beneteau Oceanis 50 Family,169956.9171046038
Beneteau Sense 50,292989.59235095885
Beneteau Sense 50,292989.59235095885
Beneteau Sense 50,292989.59235095885
Beneteau Oceanis 50,209996.58644227745
Beneteau Oceanis 50,209996.58644227745
Beneteau Oceanis 54,242509.24739024212
Beneteau Oceanis 54,242509.24739024212
Beneteau Oceanis 54,242509.24739024212
Beneteau Sense 55,289057.35677232733
Beneteau Oceanis 45,170301.9612072132
Catalina 385,176036.17848427207
Catalina 445,225037.534714783
Dehler 41,176599.7566176583
Dehler 41,176599.7566176583
Dufour 405 GL,119568.23419730498
Dufour 405 GL,119568.23419730498
Dufour 525 GL,301088.29498908605
Dufour 525 GL,301088.29498908605
Elan IMPRESSION 394,121387.1252407213
Elan 444 Impression,107144.18657099846
Grand Soleil 39,176515.85931712226
Grand Soleil 39,176515.85931712226
Grand Soleil 50,320553.26407024096
Grand Soleil 50,320553.26407024096
Grand Soleil 50,320553.26407024096
Hallberg-Rassy 48,594674.2240794844
Hallberg-Rassy 54,988156.322242862
Hanse 400,121953.61458461673
Hanse 445,145641.19278589226
Hanse 445,145641.19278589226
Hanse 445,145641.19278589226
Hanse 445,145641.19278589226
Hanse 445,145641.19278589226
Hanse 445,145641.19278589226
Hanse 445,145641.19278589226
Hanse 470,227452.01532739736
Hanse 545,303977.970062998
Hanse 495,216835.12391544116
Hunter 45 DS,191184.70729241837
Jeanneau Sun Odyssey 409,114529.07838379206
Jeanneau Sun Odyssey 409,114529.07838379206
Jeanneau Sun Odyssey 409,114529.07838379206
Jeanneau Sun Odyssey 409,114529.07838379206
Jeanneau 409,183908.43539365867
Jeanneau Sun Odyssey 42 DS,169388.07342358647
Jeanneau Sun Odyssey 42 DS,169388.07342358647
Jeanneau Sun Odyssey 439,141261.23537776215
Jeanneau Sun Odyssey 439,141261.23537776215
Jeanneau Sun Odyssey 439,141261.23537776215
Jeanneau Sun Odyssey 439,141261.23537776215
Jeanneau Sun Odyssey 439,141261.23537776215
Jeanneau Sun Odyssey 439,141261.23537776215
Jeanneau Sun Odyssey 439,141261.23537776215
Jeanneau Sun Odyssey 439,141261.23537776215
Jeanneau Sun Odyssey 439,141261.23537776215
Jeanneau Sun Odyssey 439,141261.23537776215
Jeanneau Sun Odyssey 44 DS,201515.63418079226
Jeanneau Sun Odyssey 44 DS,201515.63418079226
Jeanneau Sun Odyssey 44 DS,201515.63418079226
Jeanneau Sun Odyssey 45 DS,200018.1571074621
Jeanneau Sun Odyssey 469,155430.33953766627
Jeanneau Sun Odyssey 50 DS,222285.34356833628
Jeanneau Sun Odyssey 509,198905.47877854016
Jeanneau Sun Odyssey 509,198905.47877854016
Jeanneau 509,295891.87725749315
Jeanneau Sun Odyssey 509,198905.47877854016
Jeanneau Sun Odyssey 509,198905.47877854016
Jeanneau Sun Odyssey 509,198905.47877854016
Jeanneau 53,224081.6136680687
Jeanneau 53,224081.6136680687
Jeanneau 53,224081.6136680687
Jeanneau 53,224081.6136680687
Jeanneau 53,224081.6136680687
Jeanneau 53,224081.6136680687
Jeanneau 53,224081.6136680687
Passport Vista 545 Center Cockpit,766923.2327560377
Sly 47,190750.83690775695
Solaris 44,375118.2924967299
Southerly 38,285400.7905127455
Southerly 420,411327.03546392964
Tofinou 16,399918.28583718627
X-Yachts Xp 38,214685.92683964493
X-Yachts Xp 44,398045.88246322016
X-Yachts Xp 44,398045.88246322016
X-Yachts XP50,535120.1038861566
X-Yachts XP50,535120.1038861566
X-Yachts XP50,535120.1038861566
X-Yachts Xc 50,523256.7653565395
Bavaria 40S Cruiser,95093.6792219406
Bavaria 40S Cruiser,95093.6792219406
Bavaria 40S Cruiser,95093.6792219406
Bavaria 40S Cruiser,95093.6792219406
Bavaria 40 Cruiser,102165.71551230503
Bavaria 40 Cruiser,102165.71551230503
Bavaria 41 Cruiser,121741.25539569149
Bavaria 45 Cruiser,133096.03699267973
Bavaria 45 Cruiser,133096.03699267973
Bavaria 45 Cruiser,133096.03699267973
Bavaria 45 Cruiser,133096.03699267973
Bavaria 45 Cruiser,133096.03699267973
Bavaria 45 Cruiser,133096.03699267973
Bavaria 45 Cruiser,133096.03699267973
Bavaria 45 Cruiser,133096.03699267973
Bavaria 45 Cruiser,133096.03699267973
Bavaria Vision 46,204497.3529923024
Bavaria Vision 46,204497.3529923024
Bavaria Vision 46,204497.3529923024
Bavaria 50 Cruiser,156372.6918812793
Bavaria 56 Cruiser,248507.72251595734
Bavaria 56 Cruiser,248507.72251595734
Bavaria 45 Cruiser,133096.03699267973
Beneteau Oceanis 41 Owners Version,177400.67982868565
Beneteau Oceanis 41,142882.3653914601
Beneteau Oceanis 41,142882.3653914601
Beneteau Oceanis 41,142882.3653914601
Beneteau Oceanis 41,142882.3653914601
Beneteau Oceanis 41,142882.3653914601
Beneteau Oceanis 45,170301.9612072132
Beneteau Oceanis 45,170301.9612072132
Beneteau Oceanis 45,170301.9612072132
Beneteau Oceanis 45,170301.9612072132
Beneteau Oceanis 48,189137.96521818318
Beneteau Oceanis 48,189137.96521818318
Beneteau Sense 50,292989.59235095885
Beneteau Sense 50,292989.59235095885
Beneteau Oceanis 50 Family,169956.9171046038
Beneteau Oceanis 54,242509.24739024212
Beneteau Oceanis 54,242509.24739024212
Beneteau OCEANIS 55,371227.0498760544
Beneteau Oceanis 55,359746.1618869077
Catalina 387,164622.66623134847
Catalina 385,176036.17848427207
Dehler 41,176599.7566176583
Delphia 46 cc,253687.81035537936
Dufour 380,80596.35431307783
Dufour 410,118718.53103889264
Dufour 410 GL,136444.14980107316
Dufour 410 GL,136444.14980107316
Dufour 40e Performance,162169.75612617153
Dufour 445 GL,157608.53331738492
Dufour 445 GL,157608.53331738492
Dufour 445 GL,157608.53331738492
Dufour 445 GL,157608.53331738492
Dufour 445,185124.06033504542
Dufour 445 GL,157608.53331738492
Dufour 450 GL,138601.16754983412
Dufour 500 GL,243147.95200246497
Dufour 500 GL,243147.95200246497
Elan 450,202965.85289855435
Elan 450,202965.85289855435
Elan Impression 444,97850.989526597
Elan 444 Impression,107144.18657099846
Elan 444 Impression,107144.18657099846
Elan Impression 494,134661.63059104924
Elan 494 Impression,130175.81901574135
Elan Impression 494,134661.63059104924
Grand Soleil 39,176515.85931712226
Grand Soleil 39,176515.85931712226
Grand Soleil 39,176515.85931712226
Grand Soleil 47,374284.7925029198
Hallberg-Rassy 412,403840.13095683634
Hanse 415,132923.65962418134
Hanse 415,132923.65962418134
Hanse 415,132923.65962418134
Hanse 415,132923.65962418134
Hanse 415,132923.65962418134
Hanse 445,145641.19278589226
Hanse 445,145641.19278589226
Hanse 445,145641.19278589226
Hanse 445,145641.19278589226
Hanse 445,145641.19278589226
Hanse 445,145641.19278589226
Hanse 445,145641.19278589226
Hanse 495,216835.12391544116
Hanse 495,216835.12391544116
Hanse 505,224462.18733872348
Hanse 495,216835.12391544116
Hanse 575,350936.4439372853
Hanse 575,350936.4439372853
Hanse 575,350936.4439372853
Hunter 40,145710.4674774704
Hunter 40,145710.4674774704
Hunter M-H 40,138695.07695697242
Hunter 50 Center Cockpit,260158.51198405135
Jeanneau Sun Odyssey 41DS,175388.7271694318
Jeanneau Sun Odyssey 409,114529.07838379206
Jeanneau Sun Odyssey 409,114529.07838379206
Jeanneau Sun Odyssey 409,114529.07838379206
Jeanneau Sun Odyssey 40.9,102832.7231628771
Jeanneau Sun Odyssey 409,114529.07838379206
Jeanneau Sun Odyssey 439,141261.23537776215
Jeanneau Sun Odyssey 439,141261.23537776215
Jeanneau Sun Odyssey 439,141261.23537776215
Jeanneau Sun Odyssey 439,141261.23537776215
Jeanneau Sun Odyssey 439,141261.23537776215
Jeanneau Sun Odyssey 439,141261.23537776215
Jeanneau Sun Odyssey 439,141261.23537776215
Jeanneau Sun Odyssey 439,141261.23537776215
Jeanneau Sun Odyssey 44 DS,201515.63418079226
Jeanneau Sun Odyssey 469,155430.33953766627
Jeanneau Sun Odyssey 469,155430.33953766627
Jeanneau Sun Odyssey 469,155430.33953766627
Jeanneau Sun Odyssey 469,155430.33953766627
Jeanneau Sun Odyssey 469,155430.33953766627
Jeanneau Sun Odyssey 469,155430.33953766627
Jeanneau Sun Odyssey 469,155430.33953766627
Jeanneau Sun Odyssey 469,155430.33953766627
Jeanneau Sun Odyssey 50 DS,222285.34356833628
Jeanneau Sun Odyssey 50 DS,222285.34356833628
Jeanneau Sun Odyssey 50 DS,222285.34356833628
Jeanneau Sun Odyssey 50 DS,222285.34356833628
Jeanneau Sun Odyssey 50 DS,222285.34356833628
Jeanneau Sun Odyssey 509,198905.47877854016
Jeanneau Sun Odyssey 509,198905.47877854016
Jeanneau Sun Odyssey 509,198905.47877854016
Jeanneau Sun Odyssey 509,198905.47877854016
Jeanneau 53,224081.6136680687
Jeanneau 53,224081.6136680687
Jeanneau 53,224081.6136680687
Nauticat 42,386846.3733682437
RM Yachts rm 12.60,249736.21021219535
RM Yachts rm 12.60,249736.21021219535
Rustler 42,384767.14607012103
Salona 38,110270.64984805798
Salona 38,110270.64984805798
Salona 42,156718.17966084028
Solaris 42,264462.48255479254
Solaris 44,375118.2924967299
Tofinou 12,179869.54155434816
Tofinou 12,179869.54155434816
Tofinou 16,399918.28583718627
Triplast Y 40,116902.03751071145
Triplast Y 40,116902.03751071145
Van De Stadt Norman 41,93038.59290288069
Wauquiez Opium 39,194918.99696176834
X-Yachts Xp 38,214685.92683964493
X-Yachts Xp 38,214685.92683964493
Bavaria 41 Cruiser,121741.25539569149
Bavaria 41 Cruiser,121741.25539569149
Bavaria 41 Cruiser,121741.25539569149
Bavaria 41 Cruiser,121741.25539569149
Bavaria 41 Cruiser,121741.25539569149
Bavaria 41 Cruiser,121741.25539569149
Bavaria 41 Cruiser,121741.25539569149
Bavaria 41 Cruiser,121741.25539569149
Bavaria 41 Cruiser,121741.25539569149
Bavaria 42 Vision,163975.2426939162
Bavaria 45 Cruiser,133096.03699267973
Bavaria Vision 46,204497.3529923024
Bavaria Cruiser 46,133164.89303377052
Bavaria Cruiser 46,133164.89303377052
Bavaria Cruiser 46,133164.89303377052
Bavaria Cruiser 46,133164.89303377052
Bavaria Cruiser 46,133164.89303377052
Bavaria Cruiser 46,133164.89303377052
Bavaria Cruiser 46,133164.89303377052
Bavaria Vision 46,204497.3529923024
Bavaria Cruiser 46,133164.89303377052
Bavaria 51 Cruiser,165457.53016632478
Bavaria 51 Cruiser,165457.53016632478
Bavaria 56 Cruiser,248507.72251595734
Bavaria 56 Cruiser,248507.72251595734
Bavaria 56 Cruiser,248507.72251595734
Beneteau Oceanis 38,118757.70482605793
Beneteau Oceanis 38,118757.70482605793
Beneteau Oceanis 41,142882.3653914601
Beneteau Oceanis 45,170301.9612072132
Beneteau Oceanis 45,170301.9612072132
Beneteau Oceanis 45,170301.9612072132
Beneteau Oceanis 45,170301.9612072132
Beneteau Oceanis 45,170301.9612072132
Beneteau Oceanis 45,170301.9612072132
Beneteau Oceanis 45,170301.9612072132
Beneteau Oceanis 45,170301.9612072132
Beneteau Oceanis 45,170301.9612072132
Beneteau Oceanis 48,189137.96521818318
Beneteau Oceanis 48,189137.96521818318
Beneteau Oceanis 48,189137.96521818318
Beneteau Sense 50,292989.59235095885
Beneteau Sense 50,292989.59235095885
Beneteau Sense 50,292989.59235095885
Beneteau Sense 50,292989.59235095885
Beneteau Oceanis 55,359746.1618869077
Beneteau Sense 55,289057.35677232733
Beneteau Oceanis 50,209996.58644227745
Bestevaer 49ST,748135.8044721611
Boreal 44,451056.6326636525
Catalina 445,225037.534714783
Catalina 445,225037.534714783
Dehler 37,88519.70006122156
Dehler 38 Competition,175539.06622310038
Dufour 410 GL,136444.14980107316
Dufour 410,118718.53103889264
Dufour 410,118718.53103889264
Dufour 410 GL,136444.14980107316
Dufour 450 GL,138601.16754983412
Dufour 450 Liberty version,149283.22298460247
Dufour 500 GL,243147.95200246497
Elan 394 Impression,79752.49892041227
Elan 444 Impression,107144.18657099846
Elan 494 Impression,130175.81901574135
Hanse 415,132923.65962418134
Hanse 415,132923.65962418134
Hanse 415,132923.65962418134
Hanse 445,145641.19278589226
Hanse 445,145641.19278589226
Hanse 445,145641.19278589226
Hanse 505,224462.18733872348
Hanse 505,224462.18733872348
Hanse 505,224462.18733872348
Jeanneau Sun Odyssey 409,114529.07838379206
Jeanneau Sun Odyssey 409,114529.07838379206
Jeanneau Sun Odyssey 439,141261.23537776215
Jeanneau Sun Odyssey 439,141261.23537776215
Jeanneau Sun Odyssey 439,141261.23537776215
Jeanneau Sun Odyssey 439,141261.23537776215
Jeanneau Sun Odyssey 439,141261.23537776215
Jeanneau Sun Odyssey 439,141261.23537776215
Jeanneau Sun Odyssey 44 DS,201515.63418079226
Jeanneau Sun Odyssey 44 DS,201515.63418079226
Jeanneau Sun Odyssey 469,155430.33953766627
Jeanneau Sun Odyssey 469,155430.33953766627
Jeanneau Sun Odyssey 469,155430.33953766627
Jeanneau Sun Odyssey 469,155430.33953766627
Jeanneau Sun Odyssey 469,155430.33953766627
Jeanneau Sun Odyssey 469,155430.33953766627
Jeanneau Sun Odyssey 469,155430.33953766627
Jeanneau Sun Odyssey 469,155430.33953766627
Jeanneau Sun Odyssey 469,155430.33953766627
Jeanneau Sun Odyssey 469,155430.33953766627
Jeanneau Sun Odyssey 469,155430.33953766627
Jeanneau Sun Odyssey 509,198905.47877854016
Jeanneau Sun Odyssey 509,198905.47877854016
Jeanneau Sun Odyssey 53,298887.14424236945
Jeanneau 53,224081.6136680687
Jeanneau Sun Odyssey 53,298887.14424236945
Moody 45 Classic,294787.9045181704
Passport Vista 545 Center Cockpit,766923.2327560377
RM Yachts 1260,250587.26820212352
Southerly 420,411327.03546392964
Southerly 535,746416.1149230124
Sunbeam 42.1,284845.89245971566
Van De Stadt Stainless Steel Cutter,355378.08940171706
Wauquiez Pilot Saloon 47,323336.9728310275
X-Yachts Xp 44,398045.88246322016
Bavaria 41 Cruiser,121741.25539569149
Bavaria Cruiser 46,133164.89303377052
Bavaria Cruiser 46,133164.89303377052
Bavaria Cruiser 46,133164.89303377052
Bavaria Cruiser 46,133164.89303377052
Bavaria Cruiser 46,133164.89303377052
Bavaria Cruiser 46,133164.89303377052
Bavaria Cruiser 46,133164.89303377052
Bavaria Vision 46,204497.3529923024
Bavaria Vision 46,204497.3529923024
Bavaria Cruiser 46,133164.89303377052
Bavaria Cruiser 46,133164.89303377052
Bavaria Cruiser 46,133164.89303377052
Bavaria 51 Cruiser,165457.53016632478
Bavaria 51 Cruiser,165457.53016632478
Bavaria 51 Cruiser,165457.53016632478
Bavaria 51 Cruiser,165457.53016632478
Bavaria 51 Cruiser,165457.53016632478
Bavaria 51 Cruiser,165457.53016632478
Bavaria 51 Cruiser,165457.53016632478
Bavaria 51 Cruiser,165457.53016632478
Bavaria 51 Cruiser,165457.53016632478
Bavaria 51 Cruiser,165457.53016632478
Bavaria 51 Cruiser,165457.53016632478
Bavaria 56 Cruiser,248507.72251595734
Bavaria 56 Cruiser,248507.72251595734
Bavaria 56 Cruiser,248507.72251595734
Bavaria 56 Cruiser,248507.72251595734
Bavaria 56 Cruiser,248507.72251595734
Bavaria 56 Cruiser,248507.72251595734
Bavaria 56 Cruiser,248507.72251595734
Bavaria 56 Cruiser,248507.72251595734
Bavaria Cruiser 46,133164.89303377052
Beneteau Oceanis 38,118757.70482605793
Beneteau Oceanis 38,118757.70482605793
Beneteau Oceanis 38,118757.70482605793
Beneteau Oceanis 41,142882.3653914601
Beneteau Oceanis 41,142882.3653914601
Beneteau Oceanis 41,142882.3653914601
Beneteau Oceanis 41,142882.3653914601
Beneteau Oceanis 41,142882.3653914601
Beneteau Oceanis 41,142882.3653914601
Beneteau Oceanis 41,142882.3653914601
Beneteau Oceanis 41,142882.3653914601
Beneteau Oceanis 45,170301.9612072132
Beneteau Oceanis 45,170301.9612072132
Beneteau Oceanis 48,189137.96521818318
Beneteau Oceanis 48,189137.96521818318
Beneteau Oceanis 48,189137.96521818318
Beneteau Oceanis 48,189137.96521818318
Beneteau Oceanis 48,189137.96521818318
Beneteau Oceanis 48,189137.96521818318
Beneteau Oceanis 48,189137.96521818318
Beneteau Sense 50,292989.59235095885
Beneteau Oceanis 55,359746.1618869077
Beneteau Oceanis 55,359746.1618869077
Beneteau Oceanis 55,359746.1618869077
Beneteau Oceanis 55,359746.1618869077
Beneteau Oceanis 55,359746.1618869077
Beneteau Oceanis 55,359746.1618869077
Beneteau Oceanis 55,359746.1618869077
Beneteau Oceanis 55,359746.1618869077
Beneteau Oceanis 55,359746.1618869077
Beneteau Oceanis 55,359746.1618869077
Beneteau Oceanis 55,359746.1618869077
Beneteau Oceanis 45,170301.9612072132
Beneteau Oceanis 45,170301.9612072132
Beneteau Oceanis 45,170301.9612072132
Catalina 385,176036.17848427207
Contest 42CS,466212.6198248232
Dehler Varianta 44,81168.18928216821
Dehler 46,265439.7682418462
Dufour 382 GL,94601.6192099863
Dufour 382 GL,94601.6192099863
Dufour 382 GL,94601.6192099863
Dufour 410 GL,136444.14980107316
Dufour 410 GL,136444.14980107316
Dufour 412,126823.01739386248
Dufour 410 GL,136444.14980107316
Dufour 450 GL,138601.16754983412
Dufour 450 GL,138601.16754983412
Dufour 460 GL,167847.07044432292
Dufour 500 GL,243147.95200246497
Dufour 500,154952.19662044587
Dufour 500,154952.19662044587
Dufour 500 GL,243147.95200246497
Elan 40 Impression,96918.6254603684
Elan Impression 40,136814.73339339142
Elan Impression 45,145528.5803329957
Elan 45 Impression,116017.72853372255
Elan 45 Impression,116017.72853372255
Elan 45 Impression,116017.72853372255
Elan 45 Impression,116017.72853372255
Elan 45 Impression,116017.72853372255
Elan 50 Impression,163262.6153114431
Elan Impression 50,162730.1630493816
Elan 50 Impression,163262.6153114431
Elan 50 Impression,163262.6153114431
Grand Soleil 46 LC,378718.2903922689
Grand Soleil 46 LC,378718.2903922689
Grand Soleil 54,458381.3436775905
Hallberg-Rassy 412,403840.13095683634
Hanse 385,149410.49383164497
Hanse 415,132923.65962418134
Hanse 415,132923.65962418134
Hanse 455,172214.51859929954
Hanse 455,172214.51859929954
Hanse 455,172214.51859929954
Hanse 455,172214.51859929954
Hanse 455,172214.51859929954
Hanse 455,172214.51859929954
Hanse 505,224462.18733872348
Hanse 505,224462.18733872348
Hanse 505,224462.18733872348
Hanse 505,224462.18733872348
Hanse 505,224462.18733872348
Jeanneau Sun Odyssey 409,114529.07838379206
Jeanneau Sun Odyssey 409,114529.07838379206
Jeanneau Sun Odyssey 409,114529.07838379206
Jeanneau Sun Odyessy 41DS,187626.54476647277
Jeanneau Sun Odyssey 409,114529.07838379206
Jeanneau Sun Odyssey 409,114529.07838379206
Jeanneau Sun Odyssey 409,114529.07838379206
Jeanneau Sun Odyssey 409,114529.07838379206
Jeanneau Sun Odyssey 409,114529.07838379206
Jeanneau Sun Odyssey 439,141261.23537776215
Jeanneau Sun Odyssey 469,155430.33953766627
Jeanneau Sun Odyssey 469,155430.33953766627
Jeanneau 469,224491.14399830077
Jeanneau Sun Odyssey 50 DS,222285.34356833628
Jeanneau Sun Odyssey 509,198905.47877854016
Jeanneau Sun Odyssey 509,198905.47877854016
Jeanneau Sun Odyssey 509,198905.47877854016
Jeanneau Sun Odyssey 509,198905.47877854016
Jeanneau Sun Odyssey 509,198905.47877854016
Jeanneau Sun Odyssey 509,198905.47877854016
Jeanneau Sun Odyssey 509,198905.47877854016
Jeanneau Sun Odyssey 509,198905.47877854016
Jeanneau Sun Odyssey 509,198905.47877854016
Jeanneau Sun Odyssey 509,198905.47877854016
Jeanneau 53,224081.6136680687
Jeanneau 53,224081.6136680687
Jeanneau Sun Odyssey 53,298887.14424236945
Jeanneau Sun Odyssey 469,155430.33953766627
Jeanneau Sun Odyssey 469,155430.33953766627
Jeanneau Sun Odyssey 509,198905.47877854016
Jeanneau Sun Odyssey 509,198905.47877854016
Morris M42X,596891.1688249133
Oyster 475,564139.3400284245
Oyster 545,945295.4178582628
Passport 545 Aft Cockpit,671971.8189915691
Salona S41,172685.4953833082
Vismara V50 DS,501601.06005289895
X-Yachts Xc 38,262782.27558329515
X-Yachts Xp 44,398045.88246322016
Bavaria 41 Cruiser,121741.25539569149
Bavaria 41 Cruiser,121741.25539569149
Bavaria Cruiser 46,133164.89303377052
Bavaria Vision 46,204497.3529923024
Bavaria Cruiser 46,133164.89303377052
Bavaria Cruiser 46,133164.89303377052
Bavaria Cruiser 46 Style,193734.13797586327
Bavaria 51 Cruiser,165457.53016632478
Bavaria 51 Cruiser,165457.53016632478
Bavaria 51 Cruiser,165457.53016632478
Bavaria 51 Cruiser,165457.53016632478
Bavaria Cruiser 46,133164.89303377052
Beneteau Oceanis 38,118757.70482605793
Beneteau Oceanis 38,118757.70482605793
Beneteau Oceanis 38,118757.70482605793
Beneteau Oceanis 41,142882.3653914601
Beneteau Oceanis 41,142882.3653914601
Beneteau Oceanis 41,142882.3653914601
Beneteau Moorings 42.3,48482.01651047629
Beneteau Oceanis 45,170301.9612072132
Beneteau Oceanis 45,170301.9612072132
Beneteau Oceanis 45,170301.9612072132
Beneteau Oceanis 45,170301.9612072132
Beneteau Oceanis 45,170301.9612072132
Beneteau Oceanis 48,189137.96521818318
Beneteau Oceanis 48,189137.96521818318
Beneteau Oceanis 48,189137.96521818318
Beneteau Oceanis 48,189137.96521818318
Beneteau Oceanis 55,359746.1618869077
Beneteau Oceanis 55,359746.1618869077
Beneteau Moorings 43.5,54715.41863325181
Beneteau Oceanis 45,170301.9612072132
Beneteau Oceanis 45,170301.9612072132
Catalina 445,225037.534714783
Dehler 42,184680.21161525126
Dehler 42,184680.21161525126
Dufour 412,126823.01739386248
Dufour 412,126823.01739386248
Dufour 410 GL,136444.14980107316
Dufour 412 GL,119494.48668316647
Dufour 412,126823.01739386248
Dufour 412 GL,119494.48668316647
Dufour 412 GL,119494.48668316647
Dufour 412 GL,119494.48668316647
Dufour 460 GL,167847.07044432292
Dufour 460,158667.53044117795
Dufour 460 GL,167847.07044432292
Dufour 460 GL,167847.07044432292
Dufour 460 GL,167847.07044432292
Dufour 460,158667.53044117795
Dufour 460 GL,167847.07044432292
Dufour 460 GL,167847.07044432292
Dufour 460 GL,167847.07044432292
Dufour 460,158667.53044117795
Dufour 460,158667.53044117795
Dufour 460 GL,167847.07044432292
Dufour 460 GL,167847.07044432292
Dufour 460,158667.53044117795
Dufour 512 GL,256180.04892197976
Dufour 512 GL,256180.04892197976
Dufour 56 Exclusive,291930.99941665365
Elan Impression 40,136814.73339339142
Elan 40 Impression,96918.6254603684
Elan Impression 40,136814.73339339142
Elan Impression 45,145528.5803329957
Elan 45 Impression,116017.72853372255
Elan 45 Impression,116017.72853372255
Elan Impression 45,145528.5803329957
Grand Soleil 43 Maletto - GS 43,243986.4406892078
Grand Soleil 46 LC,378718.2903922689
Hanse 415,132923.65962418134
Hanse 415,132923.65962418134
Hanse 415,132923.65962418134
Hanse 455,172214.51859929954
Hanse 455,172214.51859929954
Hanse 505,224462.18733872348
Hanse 505,224462.18733872348
Hanse 505,224462.18733872348
Jeanneau Sun Odyssey 389,103820.32397513835
Jeanneau Sun Odyssey 389,103820.32397513835
Jeanneau Sun Odyssey 389,103820.32397513835
Jeanneau Sun Odyssey 389,103820.32397513835
Jeanneau Sun Odyssey 389,103820.32397513835
Jeanneau Sun Odyssey 41DS,175388.7271694318
Jeanneau Sun Odyssey 419,133168.38346514967
Jeanneau Sun Odyssey 419,133168.38346514967
Jeanneau Sun Odyssey 419,133168.38346514967
Jeanneau Sun Odyssey 44 DS,201515.63418079226
Jeanneau Sun Odyssey 44 DS,201515.63418079226
Jeanneau Sun Odyssey 449,136682.92684394948
Jeanneau Sun Odyssey 449,136682.92684394948
Jeanneau Sun Odyssey 449,136682.92684394948
Jeanneau Sun Odyssey 449,136682.92684394948
Jeanneau Sun Odyssey 479,158952.96639113533
Jeanneau Sun Odyssey 479,158952.96639113533
Jeanneau Sun Odyssey 469,155430.33953766627
Jeanneau Sun Odyssey 479,158952.96639113533
Jeanneau Sun Odyssey 479,158952.96639113533
Jeanneau Sun Odyssey 519,226030.51268048587
Jeanneau Sun Odyssey 519,226030.51268048587
Jeanneau Sun Odyssey 519,226030.51268048587
Jeanneau Sun Odyssey 54 DS,320833.2607601433
Jeanneau Sun Odyssey 54 DS,320833.2607601433
Jeanneau Sun Odyssey 54 DS,320833.2607601433
Jeanneau Sun Odyssey 479,158952.96639113533
Jeanneau Sun Odyssey 519,226030.51268048587
Maxi 1200,185085.63883063017
Moody 54,636499.6167589673
Nautor Swan ClubSwan 50,841184.4570640754
Nautor Swan 54,1093688.4954539384
Vismara V50 Mills,521605.54883196886
Wauquiez Pilot Saloon 48,451643.41292929376
X-Yachts Xp 44,398045.88246322016
X-Yachts XP50,535120.1038861566
Alubat Ovni 395,261722.23769259857
Azuree 46,298687.73245619313
Bavaria 41 Cruiser,121741.25539569149
Bavaria 41 Cruiser,121741.25539569149
Bavaria 41 Cruiser,121741.25539569149
Bavaria 41 Cruiser,121741.25539569149
Bavaria 41 Cruiser,121741.25539569149
Bavaria Cruiser 46,133164.89303377052
Bavaria Cruiser 46,133164.89303377052
Bavaria Cruiser 46,133164.89303377052
Bavaria Cruiser 46,133164.89303377052
Bavaria Cruiser 46,133164.89303377052
Bavaria Cruiser 46,133164.89303377052
Bavaria Cruiser 46,133164.89303377052
Bavaria Cruiser 46S,186524.6315706001
Bavaria 51 Cruiser,165457.53016632478
Bavaria 51 Cruiser,165457.53016632478
Bavaria 51 Cruiser,165457.53016632478
Bavaria 51 Cruiser,165457.53016632478
Bavaria 51 Cruiser Style,203149.7545520166
Bavaria 56 Cruiser,248507.72251595734
Beneteau Oceanis 38,118757.70482605793
Beneteau Oceanis 38,118757.70482605793
Beneteau Oceanis 38,118757.70482605793
Beneteau Oceanis 38,118757.70482605793
Beneteau Oceanis 38,118757.70482605793
Beneteau Oceanis 38.1,112540.93763002548
Beneteau Oceanis 41,142882.3653914601
Beneteau 41.1,97508.37207028166
Beneteau Oceanis 41.1,123864.8062467967
Beneteau Oceanis 45,170301.9612072132
Beneteau Oceanis 45,170301.9612072132
Beneteau Oceanis 45,170301.9612072132
Beneteau Oceanis 45,170301.9612072132
Beneteau Oceanis 45,170301.9612072132
Beneteau Oceanis 45,170301.9612072132
Beneteau Oceanis 48,189137.96521818318
Beneteau Oceanis 55,359746.1618869077
Beneteau Oceanis 45,170301.9612072132
Beneteau Oceanis 48,189137.96521818318
Boreal 47,447539.62250352354
B-Yachts Brenta B42,340190.4820963962
Catalina 425,196043.63939453466
Contest 42CS,466212.6198248232
Dehler 46,265439.7682418462
Dufour 460 GL,167847.07044432292
Dufour 460 Performance,136000.76271444856
Dufour 460 GL,167847.07044432292
Dufour 460 GL,167847.07044432292
Dufour 460,158667.53044117795
Dufour 460 GL,167847.07044432292
Dufour 512 GL,256180.04892197976
Elan Impression 40,136814.73339339142
Elan 40 Impression,96918.6254603684
Elan 40 E5,128549.23733517631
Elan 45 Impression,116017.72853372255
Elan Impression 45,145528.5803329957
Elan 45 Impression,116017.72853372255
Elan Impression 45,145528.5803329957
Elan Impression 50,162730.1630493816
Elan 50,171679.3575898778
Elan 50 Impression,163262.6153114431
Elan Impression 50,162730.1630493816
Elan 50 Impression,163262.6153114431
Elan Impression 50,162730.1630493816
Grand Soleil 43 Maletto,230573.45907989208
Hallberg-Rassy 44,449922.01949273696
Hanse 415,132923.65962418134
Hanse 455,172214.51859929954
Hanse 455,172214.51859929954
Hanse 455,172214.51859929954
Hanse 455,172214.51859929954
Hanse 455,172214.51859929954
Hanse 455,172214.51859929954
Hanse 455,172214.51859929954
Hanse 455,172214.51859929954
Hanse 455,172214.51859929954
Hanse 455,172214.51859929954
Hanse 455,172214.51859929954
Hanse 455,172214.51859929954
Hanse 455,172214.51859929954
Hanse 455,172214.51859929954
Hanse 505,224462.18733872348
Hanse 505,224462.18733872348
Hanse 505,224462.18733872348
Hanse 588,449746.5137584219
Jeanneau Sun Odyssey 389,103820.32397513835
Jeanneau Sun Odyssey 389,103820.32397513835
Jeanneau Sun Odyssey 419,133168.38346514967
Jeanneau Sun Odyssey 419,133168.38346514967
Jeanneau Sun Odyssey 419,133168.38346514967
Jeanneau Sun Odyssey 449,136682.92684394948
Jeanneau Sun Odyssey 449,136682.92684394948
Jeanneau Sun Odyssey 449,136682.92684394948
Jeanneau Sun Odyssey 479,158952.96639113533
Jeanneau Sun Odyssey 479,158952.96639113533
Jeanneau 51,269896.6977014403
Jeanneau Sun Odyssey 519,226030.51268048587
Jeanneau Sun Odyssey 519,226030.51268048587
Jeanneau 51,269896.6977014403
Jeanneau Sun Odyssey 519,226030.51268048587
Jeanneau 51,269896.6977014403
Jeanneau Sun Odyssey 519,226030.51268048587
Jeanneau Sun Odyssey 54 DS,320833.2607601433
Jeanneau Sun Odyssey 54 DS,320833.2607601433
Jeanneau Sun Odyssey 54 DS,320833.2607601433
Jeanneau Sun Odyssey 54 DS,320833.2607601433
Jeanneau Sun Odyssey 54 DS,320833.2607601433
Jeanneau Sun Odyssey 519,226030.51268048587
Najad 505,474052.81323954446
Nautor Swan 50,816457.6549199587
Oyster 475,564139.3400284245
Solaris 50,551864.7119778951
Tartan 4300,346323.8664052155
Wauquiez Pilot Saloon 48,451643.41292929376
Wauquiez Pilot Saloon 48,451643.41292929376
X-Yachts XP50,535120.1038861566
Bavaria 41 Cruiser,121741.25539569149
Bavaria 41 Cruiser,121741.25539569149
Bavaria 41 Cruiser,121741.25539569149
Bavaria 41 Cruiser,121741.25539569149
Bavaria 45 Cruiser,133096.03699267973
Bavaria C45 Holiday,172706.14252745875
Bavaria Cruiser 46,133164.89303377052
Bavaria Cruiser 46,133164.89303377052
Bavaria Cruiser 46,133164.89303377052
Bavaria Cruiser 46,133164.89303377052
Bavaria 51 Cruiser,165457.53016632478
Beneteau Oceanis 38,118757.70482605793
Beneteau Oceanis 38.1,112540.93763002548
Beneteau Oceanis 41.1,123864.8062467967
Beneteau Oceanis 41,142882.3653914601
Beneteau Oceanis 41.1,123864.8062467967
Beneteau Oceanis 41,142882.3653914601
Beneteau Oceanis 41.1,123864.8062467967
Beneteau Oceanis 41.1,123864.8062467967
Beneteau Oceanis 45,170301.9612072132
Beneteau Oceanis 45,170301.9612072132
Beneteau Oceanis 48,189137.96521818318
Beneteau Oceanis 51.1,233793.28020923855
Beneteau Oceanis 51.1,233793.28020923855
Beneteau Sense 51,380500.8624187092
Beneteau Oceanis 55.1,377659.0245717852
Beneteau Oceanis 48,189137.96521818318
Catalina 445,225037.534714783
Dehler 42,184680.21161525126
Dehler 46,265439.7682418462
Dehler 46,265439.7682418462
Discovery 55,929819.0605864064
Dufour 412,126823.01739386248
Dufour 412,126823.01739386248
Dufour 460 GL,167847.07044432292
Dufour 460 GL,167847.07044432292
Dufour 460 GL,167847.07044432292
Dufour 520,239222.20470175258
Dufour 520 GL,254192.88533617873
Dufour 520 GL Owner Version,278545.08665138285
Dufour 520,239222.20470175258
Dufour 520,239222.20470175258
Dufour 520 GL,254192.88533617873
Dufour 520,239222.20470175258
Elan 40 Impression,96918.6254603684
Elan GT5,197147.9889261444
Elan Impression 45,145528.5803329957
Elan Impression 45,145528.5803329957
Elan 50 Impression,163262.6153114431
Hanse 415,132923.65962418134
Hanse 418,133924.20850419824
Hanse 418,133924.20850419824
Hanse 455,172214.51859929954
Hanse 455,172214.51859929954
Hanse 455,172214.51859929954
Hanse 548,321547.87092264916
Hanse 548,321547.87092264916
J Boats J 122,232390.75295789418
Jeanneau Sun Odyssey 389,103820.32397513835
Jeanneau Sun Odyssey 389,103820.32397513835
Jeanneau Sun Odyssey 389,103820.32397513835
Jeanneau Sun Odyssey 419,133168.38346514967
Jeanneau Sun Odyssey 419,133168.38346514967
Jeanneau Sun Odyssey 419,133168.38346514967
Jeanneau Sun Odyssey 419,133168.38346514967
Jeanneau Sun Odyssey 419,133168.38346514967
Jeanneau Sun Odyssey 419,133168.38346514967
Jeanneau Sun Odyssey 440,176593.72838404542
Jeanneau Sun Odyssey 440,176593.72838404542
Jeanneau Sun Odyssey 440,176593.72838404542
Jeanneau Sun Odyssey 440,176593.72838404542
Jeanneau Sun Odyssey 449,136682.92684394948
Jeanneau Sun Odyssey 449,136682.92684394948
Jeanneau Sun Odyssey 479,158952.96639113533
Jeanneau Sun Odyssey 519,226030.51268048587
Jeanneau Sun Odyssey 519,226030.51268048587
Jeanneau Sun Odyssey 519,226030.51268048587
Jeanneau Sun Odyssey 519,226030.51268048587
Jeanneau 51,269896.6977014403
Jeanneau Sun Odyssey 54 DS,320833.2607601433
Jeanneau Sun Odyssey 54 DS,320833.2607601433
Jeanneau Sun Odyssey 54 DS,320833.2607601433
Jeanneau Sun Odyssey 54 DS,320833.2607601433
Salona S380,139546.91426169698
Salona 44,192830.57819545956
Tartan 4300,346323.8664052155
Wauquiez Pilot Saloon 42,338223.37552689953
X-Yachts X 4.3,225481.86364099712
Bavaria 41 Cruiser,121741.25539569149
Bavaria 45 Cruiser,133096.03699267973
Bavaria C45 Holiday,172706.14252745875
Bavaria C45 Holiday,172706.14252745875
Bavaria Cruiser 46,133164.89303377052
Bavaria Cruiser 46,133164.89303377052
Bavaria 51 Cruiser,165457.53016632478
Beneteau Oceanis 38.1,112540.93763002548
Beneteau Oceanis 38.1,112540.93763002548
Beneteau Oceanis 38.1,112540.93763002548
Beneteau Oceanis 45,170301.9612072132
Beneteau Oceanis 46.1,205735.88437217352
Beneteau Oceanis 46,177757.45954397097
Beneteau Oceanis 46.1,205735.88437217352
Beneteau Oceanis 46.1,205735.88437217352
Beneteau Oceanis 46.1,205735.88437217352
Beneteau Oceanis 51.1,233793.28020923855
Beneteau Oceanis 51.1,233793.28020923855
Beneteau Oceanis 51.1,233793.28020923855
Beneteau Oceanis 51.1,233793.28020923855
Beneteau Oceanis 55.1,377659.0245717852
Beneteau Oceanis 55.1,377659.0245717852
Dehler 46,265439.7682418462
Dufour 390,109895.9810696702
Dufour 390,109895.9810696702
Dufour 412 GL,119494.48668316647
Dufour 412,126823.01739386248
Dufour 412 GL,119494.48668316647
Dufour 430 GL,143206.47427504003
Dufour 430 GL,143206.47427504003
Dufour 430 GL,143206.47427504003
Dufour 430,139313.78136127332
Dufour 430 GL,143206.47427504003
Dufour 460,158667.53044117795
Dufour 460 GL,167847.07044432292
Dufour 460,158667.53044117795
Dufour 460 GL,167847.07044432292
Dufour 520,239222.20470175258
Dufour 520 GL,254192.88533617873
Elan 40 Impression,96918.6254603684
Elan 40 Impression,96918.6254603684
Elan 50,171679.3575898778
Hanse 388,93720.21810264044
Hanse 418,133924.20850419824
Hanse 508,175472.24314678353
Hanse 508,175472.24314678353
Hanse 548,321547.87092264916
Hanse 548,321547.87092264916
Jeanneau Sun Odyssey 389,103820.32397513835
Jeanneau Sun Odyssey 389,103820.32397513835
Jeanneau Sun Odyssey 409,114529.07838379206
Jeanneau Sun Odyssey 419,133168.38346514967
Jeanneau Sun Odyssey 419,133168.38346514967
Jeanneau Sun Odyssey 410,129815.33956552806
Jeanneau Sun Odyssey 440,176593.72838404542
Jeanneau Sun Odyssey 440,176593.72838404542
Jeanneau Sun Odyssey 440,176593.72838404542
Jeanneau Sun Odyssey 440,176593.72838404542
Jeanneau Sun Odyssey 490,173985.7005133824
Jeanneau Sun Odyssey 490,173985.7005133824
Jeanneau Sun Odyssey 490,173985.7005133824
Jeanneau Sun Odyssey 490,173985.7005133824
Jeanneau Sun Odyssey 49 Owners Version,204229.56451718183
RM Yachts RM 12.70,212108.23361971977
RM Yachts RM 1270,212136.90619374646
Southerly 48,621633.9165669472
X-Yachts X4,284960.0310262196
X-Yachts X4.6,297624.96763356513
